latitude,longitude,bright_ti4,scan,track,acq_date,acq_time,satellite,instrument,confidence,version,bright_ti5,frp,daynight
-8.74609,-47.49568,304.71,0.39,0.36,2026-06-15,436,N,VIIRS,n,2.0NRT,293.43,0.49,N
-8.6848,-47.83619,309.25,0.39,0.36,2026-06-15,436,N,VIIRS,n,2.0NRT,294.49,1.59,N
-8.39101,-47.4705,306.8,0.39,0.36,2026-06-15,436,N,VIIRS,n,2.0NRT,293.48,1.02,N
-8.38394,-46.49488,311.44,0.39,0.36,2026-06-15,436,N,VIIRS,n,2.0NRT,293.28,1.66,N
-8.38339,-46.49838,326.23,0.39,0.36,2026-06-15,436,N,VIIRS,n,2.0NRT,293.46,1.66,N
-8.31256,-47.11385,302.68,0.38,0.36,2026-06-15,436,N,VIIRS,n,2.0NRT,291.42,0.49,N
-8.31201,-47.11734,305.74,0.38,0.36,2026-06-15,436,N,VIIRS,n,2.0NRT,291.43,0.49,N
-8.19675,-46.75885,320.92,0.38,0.36,2026-06-15,436,N,VIIRS,n,2.0NRT,292.44,1.6,N
-8.19343,-46.75831,314.72,0.38,0.36,2026-06-15,436,N,VIIRS,n,2.0NRT,292.62,1.6,N
-8.19065,-46.7543,308.42,0.38,0.36,2026-06-15,436,N,VIIRS,n,2.0NRT,292.24,0.8,N
-8.18733,-46.75377,308.14,0.38,0.36,2026-06-15,436,N,VIIRS,n,2.0NRT,292.22,0.8,N
-8.14419,-47.55295,305.1,0.39,0.36,2026-06-15,436,N,VIIRS,n,2.0NRT,293.18,1.38,N
-8.14029,-47.55593,325.24,0.39,0.36,2026-06-15,436,N,VIIRS,n,2.0NRT,293.38,1.38,N
-8.13695,-47.5554,305.35,0.39,0.36,2026-06-15,436,N,VIIRS,n,2.0NRT,293.46,0.54,N
-8.11044,-46.77024,312.89,0.38,0.36,2026-06-15,436,N,VIIRS,n,2.0NRT,293.67,0.75,N
-8.1026,-46.0694,304.75,0.39,0.36,2026-06-15,436,N,VIIRS,n,2.0NRT,291.99,0.87,N
-8.09925,-46.06887,315.58,0.39,0.36,2026-06-15,436,N,VIIRS,n,2.0NRT,292.33,0.87,N
-8.08043,-47.19076,308.67,0.38,0.36,2026-06-15,436,N,VIIRS,n,2.0NRT,292.43,0.55,N
-7.91982,-48.25191,327.34,0.4,0.37,2026-06-15,436,N,VIIRS,n,2.0NRT,294.05,1.61,N
-7.91643,-48.25136,324.94,0.4,0.37,2026-06-15,436,N,VIIRS,n,2.0NRT,294.64,1.88,N
-7.789,-48.19446,303.32,0.4,0.37,2026-06-15,436,N,VIIRS,n,2.0NRT,292.94,0.81,N
-7.32277,-48.87308,326.43,0.42,0.38,2026-06-15,436,N,VIIRS,n,2.0NRT,293.29,2.93,N
-7.32215,-48.87688,313.54,0.42,0.38,2026-06-15,436,N,VIIRS,n,2.0NRT,292.92,3.86,N
-7.31901,-46.96158,302.6,0.38,0.36,2026-06-15,436,N,VIIRS,n,2.0NRT,292.52,0.36,N
-7.31868,-48.87632,323.05,0.42,0.38,2026-06-15,436,N,VIIRS,n,2.0NRT,294.03,3.86,N
-7.31806,-48.88013,331.87,0.42,0.38,2026-06-15,436,N,VIIRS,n,2.0NRT,295.8,3.86,N
-7.31521,-48.87574,309.23,0.42,0.38,2026-06-15,436,N,VIIRS,n,2.0NRT,293.06,0.61,N
-7.31459,-48.87956,303.45,0.42,0.38,2026-06-15,436,N,VIIRS,n,2.0NRT,293.08,0.61,N
-7.11514,-41.16973,327.74,0.42,0.45,2026-06-15,436,N,VIIRS,n,2.0NRT,292.59,1.64,N
-7.11096,-41.16913,303.68,0.42,0.45,2026-06-15,436,N,VIIRS,n,2.0NRT,291.65,1.64,N
-6.90149,-51.16414,307.73,0.55,0.43,2026-06-15,436,N,VIIRS,n,2.0NRT,293.53,1.03,N
-6.72642,-44.3764,318.64,0.42,0.38,2026-06-15,436,N,VIIRS,n,2.0NRT,292.86,1.57,N
-6.72584,-44.38015,307.79,0.42,0.38,2026-06-15,436,N,VIIRS,n,2.0NRT,292.33,1.23,N
-6.72237,-44.37962,304.86,0.42,0.38,2026-06-15,436,N,VIIRS,n,2.0NRT,292.59,0.63,N
-6.59105,-51.69359,304.57,0.4,0.44,2026-06-15,436,N,VIIRS,n,2.0NRT,292.33,0.82,N
-6.57552,-51.10213,327.22,0.55,0.43,2026-06-15,436,N,VIIRS,n,2.0NRT,298.03,42.2,N
-6.57161,-51.10134,319.39,0.55,0.43,2026-06-15,436,N,VIIRS,n,2.0NRT,295.03,42.2,N
-6.36477,-46.15423,305.3,0.38,0.36,2026-06-15,436,N,VIIRS,n,2.0NRT,292.72,0.6,N
-6.1721,-48.49674,316.96,0.42,0.37,2026-06-15,436,N,VIIRS,n,2.0NRT,293.92,1.58,N
-6.17148,-48.50057,312.85,0.42,0.37,2026-06-15,436,N,VIIRS,n,2.0NRT,293.53,1.55,N
-6.16578,-48.49198,317.76,0.42,0.37,2026-06-15,436,N,VIIRS,n,2.0NRT,294.23,1.31,N
-6.16515,-48.49585,319.41,0.42,0.37,2026-06-15,436,N,VIIRS,n,2.0NRT,294.69,1.31,N
-6.16252,-48.46849,305.79,0.42,0.37,2026-06-15,436,N,VIIRS,n,2.0NRT,294.32,0.98,N
-6.16231,-48.49152,309.22,0.42,0.37,2026-06-15,436,N,VIIRS,n,2.0NRT,294.43,1.31,N
-6.16007,-48.48352,308.6,0.42,0.37,2026-06-15,436,N,VIIRS,n,2.0NRT,294.27,1.42,N
-6.15947,-48.48722,321.4,0.42,0.37,2026-06-15,436,N,VIIRS,n,2.0NRT,294.89,1.42,N
-6.15905,-48.46803,309.46,0.42,0.37,2026-06-15,436,N,VIIRS,n,2.0NRT,294.29,0.98,N
-6.15885,-48.49102,305.94,0.42,0.37,2026-06-15,436,N,VIIRS,n,2.0NRT,294.17,0.63,N
-6.15843,-48.47179,314.3,0.42,0.37,2026-06-15,436,N,VIIRS,n,2.0NRT,294.37,0.98,N
-6.15782,-48.47556,304.5,0.42,0.37,2026-06-15,436,N,VIIRS,n,2.0NRT,293.88,0.88,N
-6.12185,-48.50031,310.27,0.42,0.37,2026-06-15,436,N,VIIRS,n,2.0NRT,294.55,1.11,N
-6.12025,-48.48847,310.54,0.42,0.37,2026-06-15,436,N,VIIRS,n,2.0NRT,294.44,1.52,N
-6.11979,-48.49998,312.87,0.42,0.38,2026-06-15,436,N,VIIRS,n,2.0NRT,294.68,1.45,N
-6.11839,-48.49981,308.23,0.42,0.37,2026-06-15,436,N,VIIRS,n,2.0NRT,294.66,1.11,N
-6.11814,-48.48817,310.92,0.42,0.37,2026-06-15,436,N,VIIRS,n,2.0NRT,294.44,1.92,N
-6.11179,-48.48357,308.93,0.42,0.37,2026-06-15,436,N,VIIRS,n,2.0NRT,294.73,1.84,N
-5.93883,-43.66349,309.02,0.44,0.39,2026-06-15,436,N,VIIRS,n,2.0NRT,291.09,1.01,N
-5.9371,-43.651,326.85,0.44,0.39,2026-06-15,436,N,VIIRS,n,2.0NRT,291.97,4.63,N
-5.93649,-43.65501,348.52,0.44,0.39,2026-06-15,436,N,VIIRS,n,2.0NRT,292.87,4.63,N
-5.93588,-43.65899,306.73,0.44,0.39,2026-06-15,436,N,VIIRS,n,2.0NRT,291.28,1.01,N
-5.54478,-47.57777,304.72,0.4,0.37,2026-06-15,436,N,VIIRS,n,2.0NRT,293.71,0.78,N
-5.41726,-47.56889,306.65,0.4,0.37,2026-06-15,436,N,VIIRS,n,2.0NRT,295.21,1.23,N
-5.29216,-43.95764,319.79,0.42,0.38,2026-06-15,436,N,VIIRS,n,2.0NRT,292.5,2.03,N
-5.28867,-43.9571,333.33,0.42,0.38,2026-06-15,436,N,VIIRS,n,2.0NRT,293.02,3.55,N
-5.07326,-37.71651,305.93,0.33,0.55,2026-06-15,436,N,VIIRS,n,2.0NRT,290.65,1.08,N
-5.07174,-37.71607,304.95,0.33,0.55,2026-06-15,436,N,VIIRS,n,2.0NRT,290.65,1.02,N
-3.5836,-50.26222,306.97,0.54,0.42,2026-06-15,436,N,VIIRS,n,2.0NRT,293.75,1.05,N
-3.51505,-48.03351,304.28,0.42,0.38,2026-06-15,436,N,VIIRS,n,2.0NRT,294.19,0.84,N
-3.51158,-48.03297,339.48,0.42,0.38,2026-06-15,436,N,VIIRS,n,2.0NRT,295.98,2.29,N
-3.51097,-48.03675,306.62,0.42,0.38,2026-06-15,436,N,VIIRS,n,2.0NRT,294.34,2.29,N
-3.5081,-48.03244,320.83,0.42,0.38,2026-06-15,436,N,VIIRS,n,2.0NRT,294.99,2.29,N
-3.50749,-48.03622,316.56,0.42,0.38,2026-06-15,436,N,VIIRS,n,2.0NRT,295.03,2.29,N
-3.50401,-48.03569,306.46,0.42,0.38,2026-06-15,436,N,VIIRS,n,2.0NRT,294.51,1.04,N
-3.50339,-48.03951,330.89,0.42,0.38,2026-06-15,436,N,VIIRS,n,2.0NRT,295.19,3.3,N
-3.49643,-48.03844,316.46,0.42,0.38,2026-06-15,436,N,VIIRS,n,2.0NRT,294.61,1.92,N
-3.20142,-49.04728,304.19,0.47,0.4,2026-06-15,436,N,VIIRS,n,2.0NRT,294.05,0.75,N
-2.90564,-49.64427,305.69,0.51,0.41,2026-06-15,436,N,VIIRS,n,2.0NRT,293.41,0.7,N
-16.67973,-43.88526,306.86,0.57,0.43,2026-06-15,438,N,VIIRS,n,2.0NRT,288.82,1.81,N
-16.34966,-43.69762,299.1,0.38,0.43,2026-06-15,438,N,VIIRS,n,2.0NRT,288.01,1.1,N
-16.34629,-43.69645,300.25,0.38,0.44,2026-06-15,438,N,VIIRS,n,2.0NRT,289.16,0.86,N
-15.07698,-48.94574,317.98,0.39,0.36,2026-06-15,438,N,VIIRS,n,2.0NRT,295.1,2.06,N
-14.37292,-45.54343,306.94,0.44,0.38,2026-06-15,438,N,VIIRS,n,2.0NRT,289.43,1.22,N
-14.36936,-45.54287,303.64,0.44,0.38,2026-06-15,438,N,VIIRS,n,2.0NRT,289.58,1.27,N
-14.04498,-47.04889,338.4,0.39,0.37,2026-06-15,438,N,VIIRS,n,2.0NRT,292.45,3.58,N
-13.81303,-43.65346,325.05,0.54,0.42,2026-06-15,438,N,VIIRS,n,2.0NRT,290.75,5.5,N
-13.80912,-43.65288,345.48,0.54,0.42,2026-06-15,438,N,VIIRS,n,2.0NRT,292.92,5.5,N
-13.76757,-42.69278,303.29,0.41,0.45,2026-06-15,438,N,VIIRS,n,2.0NRT,289.77,0.92,N
-13.54658,-47.85102,303.46,0.38,0.36,2026-06-15,438,N,VIIRS,n,2.0NRT,289.78,0.64,N
-13.54325,-47.85049,335.12,0.38,0.36,2026-06-15,438,N,VIIRS,n,2.0NRT,291.68,3.03,N
-13.50997,-47.84497,316.07,0.38,0.36,2026-06-15,438,N,VIIRS,n,2.0NRT,291.99,0.94,N
-13.50941,-47.84853,305.14,0.38,0.36,2026-06-15,438,N,VIIRS,n,2.0NRT,291.95,0.94,N
-13.50608,-47.84797,311.52,0.38,0.36,2026-06-15,438,N,VIIRS,n,2.0NRT,291.26,0.94,N
-13.50552,-47.85153,324.61,0.38,0.36,2026-06-15,438,N,VIIRS,n,2.0NRT,292.53,2.12,N
-13.22718,-41.97017,331.98,0.45,0.47,2026-06-15,438,N,VIIRS,n,2.0NRT,289.21,3.82,N
-13.22662,-41.97432,334.99,0.45,0.47,2026-06-15,438,N,VIIRS,n,2.0NRT,289.31,5.35,N
-13.20263,-53.26287,306.91,0.39,0.44,2026-06-15,438,N,VIIRS,n,2.0NRT,291.52,0.92,N
-12.73458,-46.29387,313.94,0.4,0.37,2026-06-15,438,N,VIIRS,n,2.0NRT,293.39,2.27,N
-12.73174,-46.28962,331.9,0.4,0.37,2026-06-15,438,N,VIIRS,n,2.0NRT,295.02,3.09,N
-12.73118,-46.2933,323.36,0.4,0.37,2026-06-15,438,N,VIIRS,n,2.0NRT,293.57,3.09,N
-12.71968,-54.20609,303.45,0.46,0.47,2026-06-15,438,N,VIIRS,n,2.0NRT,290.63,1.07,N
-12.71878,-54.20768,305.08,0.46,0.47,2026-06-15,438,N,VIIRS,n,2.0NRT,290.57,1.4,N
-12.71533,-54.2053,311.94,0.46,0.47,2026-06-15,438,N,VIIRS,n,2.0NRT,291.03,1.07,N
-12.71518,-54.20268,308.9,0.46,0.47,2026-06-15,438,N,VIIRS,n,2.0NRT,291.11,1.4,N
-12.71084,-54.20185,306.32,0.46,0.47,2026-06-15,438,N,VIIRS,n,2.0NRT,290.98,0.96,N
-12.44749,-44.74787,311.55,0.46,0.39,2026-06-15,438,N,VIIRS,n,2.0NRT,289.99,1.83,N
-11.82761,-51.62094,302.73,0.5,0.41,2026-06-15,438,N,VIIRS,n,2.0NRT,291.09,0.27,N
-11.82386,-51.62023,311.7,0.5,0.41,2026-06-15,438,N,VIIRS,n,2.0NRT,291.34,1.25,N
-11.7316,-49.0442,308.3,0.4,0.37,2026-06-15,438,N,VIIRS,n,2.0NRT,293.69,0.81,N
-11.71957,-54.49081,311.49,0.5,0.49,2026-06-15,438,N,VIIRS,n,2.0NRT,291.75,1.61,N
-11.71872,-54.49544,307.95,0.5,0.49,2026-06-15,438,N,VIIRS,n,2.0NRT,290.81,1.61,N
-11.51027,-56.12661,302.16,0.32,0.55,2026-06-15,438,N,VIIRS,n,2.0NRT,289.1,0.55,N
-11.5097,-56.12957,310.52,0.32,0.55,2026-06-15,438,N,VIIRS,n,2.0NRT,289.25,0.81,N
-11.34301,-51.40088,305.6,0.49,0.4,2026-06-15,438,N,VIIRS,n,2.0NRT,293.38,1.28,N
-11.26744,-53.95808,313.32,0.47,0.47,2026-06-15,438,N,VIIRS,n,2.0NRT,291.84,1.76,N
-11.26666,-53.96238,315.09,0.47,0.47,2026-06-15,438,N,VIIRS,n,2.0NRT,292.1,1.76,N
-11.19692,-49.68438,306.8,0.42,0.37,2026-06-15,438,N,VIIRS,n,2.0NRT,294.2,1.14,N
-11.09105,-45.29345,301.68,0.42,0.38,2026-06-15,438,N,VIIRS,n,2.0NRT,290.87,0.7,N
-11.06631,-52.45304,320.49,0.57,0.43,2026-06-15,438,N,VIIRS,n,2.0NRT,293.19,3.46,N
-11.06233,-52.45229,303.26,0.57,0.43,2026-06-15,438,N,VIIRS,n,2.0NRT,293,1.21,N
-11.03068,-44.69102,337.54,0.45,0.39,2026-06-15,438,N,VIIRS,n,2.0NRT,294.57,6.55,N
-11.03006,-44.69511,328.71,0.45,0.39,2026-06-15,438,N,VIIRS,n,2.0NRT,293.22,6.85,N
-11.02711,-44.69046,346.46,0.45,0.39,2026-06-15,438,N,VIIRS,n,2.0NRT,296.81,6.55,N
-11.02649,-44.69455,339.63,0.45,0.39,2026-06-15,438,N,VIIRS,n,2.0NRT,294.29,6.85,N
-11.02354,-44.68989,302.81,0.45,0.39,2026-06-15,438,N,VIIRS,n,2.0NRT,292.21,1.32,N
-10.90629,-49.49627,306.13,0.41,0.37,2026-06-15,438,N,VIIRS,n,2.0NRT,293.97,0.85,N
-10.90087,-54.13495,309.68,0.49,0.48,2026-06-15,438,N,VIIRS,n,2.0NRT,292.19,0.93,N
-10.83754,-53.74003,305.36,0.46,0.47,2026-06-15,438,N,VIIRS,n,2.0NRT,291.93,1.63,N
-10.83543,-53.72657,306.53,0.46,0.47,2026-06-15,438,N,VIIRS,n,2.0NRT,292.35,1.51,N
-10.83469,-53.73078,313.99,0.46,0.47,2026-06-15,438,N,VIIRS,n,2.0NRT,291.84,1.51,N
-10.8332,-53.73917,312.63,0.46,0.47,2026-06-15,438,N,VIIRS,n,2.0NRT,292.72,1.63,N
-10.83034,-53.72997,306.21,0.46,0.47,2026-06-15,438,N,VIIRS,n,2.0NRT,292.15,1.52,N
-10.80424,-54.17348,309.61,0.49,0.49,2026-06-15,438,N,VIIRS,n,2.0NRT,292.41,1.33,N
-10.80343,-54.17797,320.96,0.49,0.49,2026-06-15,438,N,VIIRS,n,2.0NRT,292.36,2.66,N
-10.79976,-54.17269,305.29,0.49,0.49,2026-06-15,438,N,VIIRS,n,2.0NRT,292.66,1.33,N
-10.77297,-54.10477,303.25,0.49,0.48,2026-06-15,438,N,VIIRS,n,2.0NRT,292.39,0.95,N
-10.77218,-54.10925,327.59,0.49,0.48,2026-06-15,438,N,VIIRS,n,2.0NRT,292.54,3.13,N
-10.7685,-54.10399,302.94,0.49,0.48,2026-06-15,438,N,VIIRS,n,2.0NRT,292.48,0.95,N
-10.586,-48.37811,315.99,0.39,0.36,2026-06-15,438,N,VIIRS,n,2.0NRT,293.26,1.69,N
-10.57107,-57.31732,317.38,0.4,0.6,2026-06-15,438,N,VIIRS,n,2.0NRT,290.73,1.85,N
-10.51378,-50.40453,303.87,0.45,0.39,2026-06-15,438,N,VIIRS,n,2.0NRT,293.15,0.54,N
-10.41825,-44.95947,314.98,0.43,0.38,2026-06-15,438,N,VIIRS,n,2.0NRT,290.29,1.14,N
-10.40755,-49.44171,309.78,0.42,0.37,2026-06-15,438,N,VIIRS,n,2.0NRT,292.97,1.29,N
-10.40576,-49.44234,303.55,0.42,0.37,2026-06-15,438,N,VIIRS,n,2.0NRT,293.55,0.93,N
-10.29156,-47.60113,318.1,0.38,0.36,2026-06-15,438,N,VIIRS,n,2.0NRT,293.04,1.76,N
-10.28823,-47.60059,322.46,0.38,0.36,2026-06-15,438,N,VIIRS,n,2.0NRT,293.97,2.01,N
-10.15832,-56.59768,304.68,0.36,0.58,2026-06-15,438,N,VIIRS,n,2.0NRT,291.37,2.69,N
-10.15768,-56.60106,346.21,0.36,0.58,2026-06-15,438,N,VIIRS,n,2.0NRT,292.52,4.45,N
-10.15705,-56.60442,331.64,0.36,0.58,2026-06-15,438,N,VIIRS,n,2.0NRT,291.83,4.45,N
-10.15641,-56.60781,303.38,0.36,0.58,2026-06-15,438,N,VIIRS,n,2.0NRT,290.97,4.02,N
-10.15237,-56.59999,316.23,0.36,0.58,2026-06-15,438,N,VIIRS,n,2.0NRT,291.55,4.45,N
-10.15173,-56.60333,367,0.36,0.58,2026-06-15,438,N,VIIRS,h,2.0NRT,293.06,4.45,N
-10.15109,-56.60674,324.6,0.36,0.58,2026-06-15,438,N,VIIRS,n,2.0NRT,291.77,4.02,N
-9.77696,-48.9692,310.65,0.41,0.37,2026-06-15,438,N,VIIRS,n,2.0NRT,293.33,1.06,N
-9.695,-47.69905,303.77,0.39,0.36,2026-06-15,438,N,VIIRS,n,2.0NRT,292.58,0.59,N
-9.26815,-50.66197,342.96,0.48,0.4,2026-06-15,438,N,VIIRS,n,2.0NRT,294.58,6.9,N
-8.98556,-48.09211,303.61,0.39,0.36,2026-06-15,438,N,VIIRS,n,2.0NRT,293.17,0.43,N
-8.98498,-48.09568,307.7,0.39,0.36,2026-06-15,438,N,VIIRS,n,2.0NRT,293.06,0.77,N
-8.96806,-46.90724,305.09,0.38,0.36,2026-06-15,438,N,VIIRS,n,2.0NRT,291.16,0.61,N
-8.9675,-46.91073,308.87,0.38,0.36,2026-06-15,438,N,VIIRS,n,2.0NRT,291.68,0.88,N
-8.96418,-46.9102,307.95,0.38,0.36,2026-06-15,438,N,VIIRS,n,2.0NRT,291.6,0.65,N
-8.88724,-48.50855,320.46,0.4,0.37,2026-06-15,438,N,VIIRS,n,2.0NRT,293.29,1.75,N
-8.88385,-48.50799,325.66,0.4,0.37,2026-06-15,438,N,VIIRS,n,2.0NRT,293.69,2.5,N
-8.43577,-51.54802,302.52,0.55,0.43,2026-06-15,438,N,VIIRS,n,2.0NRT,292.13,2.3,N
-8.43487,-51.54994,310.03,0.55,0.43,2026-06-15,438,N,VIIRS,n,2.0NRT,293.09,1.62,N
-8.43477,-54.72861,307.91,0.58,0.52,2026-06-15,438,N,VIIRS,n,2.0NRT,291.31,1.37,N
-22.92394,-43.7585,303.98,0.46,0.47,2026-06-15,440,N,VIIRS,n,2.0NRT,288.51,1.59,N
-22.91954,-43.75789,312.33,0.46,0.47,2026-06-15,440,N,VIIRS,n,2.0NRT,289.65,1.59,N
-22.91338,-43.73388,318.42,0.46,0.47,2026-06-15,440,N,VIIRS,n,2.0NRT,288.1,2.26,N
-22.90897,-43.73328,322.26,0.46,0.47,2026-06-15,440,N,VIIRS,n,2.0NRT,288.24,4.49,N
-22.90845,-43.73784,315.79,0.46,0.47,2026-06-15,440,N,VIIRS,n,2.0NRT,288.66,4.49,N
-22.90792,-43.74242,301.09,0.46,0.47,2026-06-15,440,N,VIIRS,n,2.0NRT,288.86,2.24,N
-22.90457,-43.73268,337.5,0.46,0.47,2026-06-15,440,N,VIIRS,n,2.0NRT,289.63,4.49,N
-22.90404,-43.73725,337.99,0.46,0.47,2026-06-15,440,N,VIIRS,n,2.0NRT,289.96,4.49,N
-22.50373,-44.10652,302.11,0.43,0.46,2026-06-15,440,N,VIIRS,n,2.0NRT,287.54,1.15,N
-21.18059,-43.98117,298.82,0.42,0.46,2026-06-15,440,N,VIIRS,n,2.0NRT,283.72,1.19,N
-20.24779,-40.23945,302.91,0.36,0.57,2026-06-15,440,N,VIIRS,n,2.0NRT,261.77,0.95,N
-20.24742,-40.24294,309.6,0.36,0.57,2026-06-15,440,N,VIIRS,n,2.0NRT,261.06,0.77,N
-20.24705,-40.2464,295.48,0.36,0.57,2026-06-15,440,N,VIIRS,n,2.0NRT,260.73,0.77,N
-20.23249,-40.23057,301.17,0.36,0.57,2026-06-15,440,N,VIIRS,n,2.0NRT,265.02,0.9,N
-20.23212,-40.23409,301.93,0.36,0.57,2026-06-15,440,N,VIIRS,n,2.0NRT,264.92,1.24,N
-17.77812,-42.80679,303.25,0.45,0.47,2026-06-15,440,N,VIIRS,n,2.0NRT,286.84,1.08,N
-17.53668,-59.64989,308.48,0.42,0.61,2026-06-15,440,N,VIIRS,n,2.0NRT,283.85,1.21,N
-17.00842,-49.77892,297,0.39,0.36,2026-06-15,440,N,VIIRS,n,2.0NRT,282.04,0.58,N
-16.58586,-60.77851,304.87,0.51,0.66,2026-06-15,440,N,VIIRS,n,2.0NRT,286.56,1.34,N
-16.58414,-60.78037,303.67,0.51,0.66,2026-06-15,440,N,VIIRS,n,2.0NRT,286.72,1.22,N
-16.57971,-60.77718,303.37,0.51,0.66,2026-06-15,440,N,VIIRS,n,2.0NRT,286.54,1.55,N
-16.57796,-60.77916,307.6,0.51,0.66,2026-06-15,440,N,VIIRS,n,2.0NRT,286.76,1.22,N
-16.57007,-60.82159,305.14,0.52,0.67,2026-06-15,440,N,VIIRS,n,2.0NRT,286.32,1.16,N
-16.56897,-60.82664,301.38,0.52,0.67,2026-06-15,440,N,VIIRS,n,2.0NRT,286.33,1.88,N
-16.56807,-60.82328,308.64,0.52,0.67,2026-06-15,440,N,VIIRS,n,2.0NRT,286.63,2.11,N
-33.375,-60.14893,302.81,0.43,0.46,2026-06-15,444,N,VIIRS,n,2.0NRT,272.94,1.83,N
-33.36983,-60.15223,321.47,0.43,0.46,2026-06-15,444,N,VIIRS,n,2.0NRT,273.94,2.06,N
-33.36783,-60.16146,320.13,0.43,0.46,2026-06-15,444,N,VIIRS,n,2.0NRT,277.97,2.46,N
-33.36663,-60.1464,296.77,0.43,0.46,2026-06-15,444,N,VIIRS,n,2.0NRT,275.31,1.4,N
-33.25833,-60.28288,301.26,0.44,0.46,2026-06-15,444,N,VIIRS,n,2.0NRT,274.56,0.96,N
-33.25732,-60.28756,319.01,0.44,0.46,2026-06-15,444,N,VIIRS,n,2.0NRT,275.65,2.54,N
-33.25309,-60.28632,304.96,0.44,0.46,2026-06-15,444,N,VIIRS,n,2.0NRT,277.58,2.09,N
-32.86193,-56.54087,296.68,0.45,0.39,2026-06-15,444,N,VIIRS,n,2.0NRT,278.49,1.11,N
-31.54243,-58.96899,303.15,0.4,0.44,2026-06-15,444,N,VIIRS,n,2.0NRT,272.49,0.86,N
-31.54154,-58.97322,297.19,0.4,0.44,2026-06-15,444,N,VIIRS,n,2.0NRT,272.18,0.86,N
-16.72762,-67.15693,336.59,0.51,0.49,2026-06-15,620,N,VIIRS,n,2.0NRT,285.23,4.32,N
-16.72732,-67.15538,309.48,0.51,0.5,2026-06-15,620,N,VIIRS,n,2.0NRT,283.4,2.28,N
-16.72688,-67.159,333.47,0.51,0.5,2026-06-15,620,N,VIIRS,n,2.0NRT,285.54,5.14,N
-15.78654,-71.85678,306.55,0.42,0.38,2026-06-15,620,N,VIIRS,n,2.0NRT,266.65,1.39,N
-23.82286,-70.31534,298.41,0.4,0.44,2026-06-15,622,N,VIIRS,n,2.0NRT,280.13,0.84,N
-23.82238,-70.31942,297.97,0.4,0.44,2026-06-15,622,N,VIIRS,n,2.0NRT,281.24,0.84,N
-23.78252,-70.31848,303.27,0.4,0.44,2026-06-15,622,N,VIIRS,n,2.0NRT,281.82,1.51,N
-33.29583,-70.73005,302.79,0.49,0.49,2026-06-15,627,N,VIIRS,n,2.0NRT,274.31,1.32,N
-32.80339,-70.95263,324.33,0.47,0.48,2026-06-15,627,N,VIIRS,n,2.0NRT,268.48,3.4,N
-32.80046,-70.95451,318.77,0.47,0.48,2026-06-15,627,N,VIIRS,n,2.0NRT,269.82,3.02,N
-15.15021,-39.46228,339.25,0.63,0.72,2026-06-15,1529,N,VIIRS,n,2.0NRT,290.4,5.34,D
-15.14844,-39.46552,341.13,0.63,0.72,2026-06-15,1529,N,VIIRS,n,2.0NRT,290.03,6.34,D
-15.14356,-39.46381,326.56,0.63,0.72,2026-06-15,1529,N,VIIRS,n,2.0NRT,290.44,5.34,D
-17.4411,-40.20323,367,0.74,0.76,2026-06-15,1531,N,VIIRS,h,2.0NRT,292.42,36.25,D
-12.95151,-40.77308,327.88,0.72,0.76,2026-06-15,1531,N,VIIRS,n,2.0NRT,294.45,4.31,D
-10.91091,-40.15992,339.57,0.62,0.72,2026-06-15,1531,N,VIIRS,n,2.0NRT,294.53,6.86,D
-10.90739,-40.16282,345.44,0.62,0.72,2026-06-15,1531,N,VIIRS,n,2.0NRT,294.62,9.82,D
-10.58016,-37.44933,328.75,0.41,0.6,2026-06-15,1531,N,VIIRS,n,2.0NRT,294.66,2.13,D
-9.83144,-38.96512,330.42,0.5,0.66,2026-06-15,1531,N,VIIRS,n,2.0NRT,295.14,2.77,D
-7.56708,-39.91945,336.89,0.54,0.68,2026-06-15,1531,N,VIIRS,n,2.0NRT,294.19,3.69,D
-6.78461,-39.18938,336.38,0.47,0.64,2026-06-15,1531,N,VIIRS,n,2.0NRT,297.84,5,D
-6.78169,-39.18836,337.11,0.47,0.64,2026-06-15,1531,N,VIIRS,n,2.0NRT,297.3,5.68,D
-5.52306,-37.48483,345.72,0.35,0.56,2026-06-15,1531,N,VIIRS,n,2.0NRT,297.07,3.64,D
-5.24807,-38.1734,367,0.38,0.59,2026-06-15,1533,N,VIIRS,h,2.0NRT,299.68,5.34,D
-3.63445,-43.18012,333.88,0.79,0.78,2026-06-15,1533,N,VIIRS,n,2.0NRT,291.21,5.88,D
-3.62717,-43.18114,336.59,0.79,0.78,2026-06-15,1533,N,VIIRS,n,2.0NRT,291.46,7.31,D
-3.62633,-43.18015,329.09,0.79,0.78,2026-06-15,1533,N,VIIRS,n,2.0NRT,290.97,5.99,D
-3.59673,-38.85903,338.51,0.4,0.6,2026-06-15,1533,N,VIIRS,n,2.0NRT,296.03,4.41,D
-3.58002,-38.86148,330.97,0.4,0.6,2026-06-15,1533,N,VIIRS,n,2.0NRT,294.91,3.08,D
-33.83965,-54.80995,326,0.48,0.48,2026-06-15,1705,N,VIIRS,n,2.0NRT,287.32,2.4,D
-33.37461,-58.76744,334.24,0.4,0.6,2026-06-15,1705,N,VIIRS,n,2.0NRT,286.26,2.93,D
-33.37254,-58.76686,330.54,0.4,0.6,2026-06-15,1705,N,VIIRS,n,2.0NRT,286.14,2.79,D
-33.11319,-57.94864,331.84,0.36,0.57,2026-06-15,1705,N,VIIRS,n,2.0NRT,285.69,2.28,D
-32.08303,-55.06156,325.7,0.48,0.48,2026-06-15,1705,N,VIIRS,n,2.0NRT,287.95,5.15,D
-31.92951,-59.93085,346.71,0.45,0.63,2026-06-15,1707,N,VIIRS,n,2.0NRT,289.71,4.15,D
-31.85041,-59.67186,347.79,0.44,0.62,2026-06-15,1707,N,VIIRS,n,2.0NRT,291.4,4.16,D
-31.84901,-59.67184,345.74,0.44,0.62,2026-06-15,1707,N,VIIRS,n,2.0NRT,290.53,5.47,D
-31.62815,-59.27665,331.61,0.41,0.61,2026-06-15,1707,N,VIIRS,n,2.0NRT,287.16,2.18,D
-31.62679,-59.27576,333.08,0.41,0.61,2026-06-15,1707,N,VIIRS,n,2.0NRT,286.78,2.53,D
-31.54341,-58.97229,327.44,0.4,0.6,2026-06-15,1707,N,VIIRS,n,2.0NRT,290.33,6.3,D
-31.54312,-58.968,350.8,0.4,0.6,2026-06-15,1707,N,VIIRS,n,2.0NRT,290.59,8.41,D
-31.41171,-58.57904,355.96,0.37,0.58,2026-06-15,1707,N,VIIRS,n,2.0NRT,292.23,13.07,D
-31.41142,-58.57499,367,0.37,0.58,2026-06-15,1707,N,VIIRS,h,2.0NRT,295.24,21.88,D
-29.37535,-60.82607,334.06,0.49,0.65,2026-06-15,1707,N,VIIRS,n,2.0NRT,276.61,2.68,D
-27.35148,-56.93837,327.01,0.54,0.51,2026-06-15,1707,N,VIIRS,n,2.0NRT,288.36,6.01,D
-27.06638,-56.9787,331.63,0.54,0.51,2026-06-15,1707,N,VIIRS,n,2.0NRT,287.18,3.98,D
-26.78294,-57.43895,338.58,0.57,0.52,2026-06-15,1707,N,VIIRS,n,2.0NRT,289.16,7.74,D
-26.55597,-55.76514,347.16,0.45,0.47,2026-06-15,1707,N,VIIRS,n,2.0NRT,282.28,9.13,D
-26.55578,-55.76352,338.96,0.45,0.47,2026-06-15,1707,N,VIIRS,n,2.0NRT,281.7,6.56,D
-25.11428,-54.3343,328.41,0.54,0.42,2026-06-15,1707,N,VIIRS,n,2.0NRT,279.37,0.33,D
-24.88633,-56.61641,342.68,0.48,0.48,2026-06-15,1707,N,VIIRS,n,2.0NRT,272.75,8.34,D
-22.6657,-40.23728,337.58,0.36,0.57,2026-06-15,1707,N,VIIRS,n,2.0NRT,287.57,2.8,D
-20.01909,-43.19793,340.39,0.53,0.5,2026-06-15,1709,N,VIIRS,n,2.0NRT,289.53,6.3,D
-19.08311,-40.1324,329.55,0.43,0.62,2026-06-15,1709,N,VIIRS,n,2.0NRT,292.39,3.5,D
-19.07504,-40.17764,329.05,0.43,0.62,2026-06-15,1709,N,VIIRS,n,2.0NRT,292.15,2.34,D
-19.04823,-45.00205,333.9,0.43,0.46,2026-06-15,1709,N,VIIRS,n,2.0NRT,290.41,3.73,D
-18.95762,-40.71023,327.16,0.4,0.6,2026-06-15,1709,N,VIIRS,n,2.0NRT,293.23,1.89,D
-18.8924,-40.18801,356.46,0.43,0.62,2026-06-15,1709,N,VIIRS,n,2.0NRT,291.73,6.36,D
-18.89138,-40.18589,355.25,0.43,0.62,2026-06-15,1709,N,VIIRS,n,2.0NRT,291.44,5.8,D
-18.85968,-40.22968,328.77,0.43,0.62,2026-06-15,1709,N,VIIRS,n,2.0NRT,292.24,3.17,D
-18.85881,-40.22567,326.76,0.43,0.62,2026-06-15,1709,N,VIIRS,n,2.0NRT,291.26,4.05,D
-18.85673,-43.61592,340.8,0.52,0.5,2026-06-15,1709,N,VIIRS,n,2.0NRT,292.85,16.87,D
-18.85568,-43.61773,326.02,0.52,0.5,2026-06-15,1709,N,VIIRS,n,2.0NRT,291.89,7.24,D
-18.85484,-43.6135,339.68,0.52,0.5,2026-06-15,1709,N,VIIRS,n,2.0NRT,290.94,7.24,D
-18.60423,-40.44609,330.54,0.42,0.61,2026-06-15,1709,N,VIIRS,n,2.0NRT,290.57,3.25,D
-18.59474,-40.45686,333.2,0.42,0.61,2026-06-15,1709,N,VIIRS,n,2.0NRT,291.91,3.79,D
-17.89149,-39.90736,336.09,0.47,0.64,2026-06-15,1709,N,VIIRS,n,2.0NRT,293.34,5.57,D
-17.88839,-39.90784,336.96,0.47,0.64,2026-06-15,1709,N,VIIRS,n,2.0NRT,293.2,6.79,D
-17.57454,-46.52585,341.26,0.55,0.43,2026-06-15,1709,N,VIIRS,n,2.0NRT,299.48,5.84,D
-17.57156,-46.53179,335.31,0.55,0.43,2026-06-15,1709,N,VIIRS,n,2.0NRT,300.01,5.84,D
-17.56372,-46.53327,336.3,0.55,0.43,2026-06-15,1709,N,VIIRS,n,2.0NRT,301.34,5.17,D
-16.50328,-39.88367,327.29,0.5,0.66,2026-06-15,1709,N,VIIRS,n,2.0NRT,290.86,3.31,D
-16.39846,-39.46212,337.62,0.53,0.67,2026-06-15,1709,N,VIIRS,n,2.0NRT,291.48,6.44,D
-15.74724,-39.19432,330.23,0.57,0.69,2026-06-15,1709,N,VIIRS,n,2.0NRT,289.48,3.63,D
-15.40952,-41.51565,325.78,0.41,0.61,2026-06-15,1709,N,VIIRS,n,2.0NRT,291.69,1.15,D
-15.08311,-43.86742,343.95,0.59,0.53,2026-06-15,1709,N,VIIRS,n,2.0NRT,299.38,9.14,D
-14.86787,-41.60513,356.53,0.42,0.61,2026-06-15,1709,N,VIIRS,n,2.0NRT,296.39,12.61,D
-14.86707,-41.60114,349.6,0.42,0.61,2026-06-15,1709,N,VIIRS,n,2.0NRT,297.06,15.74,D
-14.86463,-41.60523,356.77,0.42,0.61,2026-06-15,1709,N,VIIRS,n,2.0NRT,296.08,12,D
-14.86381,-41.60132,352.33,0.42,0.61,2026-06-15,1709,N,VIIRS,n,2.0NRT,296.91,15.28,D
-14.73793,-43.94344,346.02,0.59,0.53,2026-06-15,1709,N,VIIRS,n,2.0NRT,302.18,9.49,D
-14.67796,-40.23872,327.27,0.52,0.67,2026-06-15,1709,N,VIIRS,n,2.0NRT,291.57,3.18,D
-14.3732,-41.58465,349.67,0.43,0.62,2026-06-15,1709,N,VIIRS,n,2.0NRT,298.25,9.47,D
-14.37238,-41.58061,342.93,0.43,0.62,2026-06-15,1709,N,VIIRS,n,2.0NRT,298.32,11.2,D
-16.24413,-53.7305,343.26,0.42,0.37,2026-06-15,1711,N,VIIRS,n,2.0NRT,291.84,5.11,D
-15.35648,-50.90903,335.42,0.39,0.36,2026-06-15,1711,N,VIIRS,n,2.0NRT,304.5,2.03,D
-15.35256,-50.90595,335.22,0.39,0.36,2026-06-15,1711,N,VIIRS,n,2.0NRT,303.08,2.01,D
-15.07458,-55.81297,335.42,0.5,0.41,2026-06-15,1711,N,VIIRS,n,2.0NRT,295.51,3.75,D
-15.07083,-55.81356,351.88,0.5,0.41,2026-06-15,1711,N,VIIRS,n,2.0NRT,296.68,13.39,D
-15.00908,-48.28219,343.06,0.48,0.4,2026-06-15,1711,N,VIIRS,n,2.0NRT,303.28,10.37,D
-14.74395,-52.66703,336.85,0.39,0.36,2026-06-15,1711,N,VIIRS,n,2.0NRT,296.42,7.92,D
-14.74341,-52.66343,343.56,0.39,0.36,2026-06-15,1711,N,VIIRS,n,2.0NRT,297.15,8.25,D
-14.54915,-51.94059,339.68,0.38,0.36,2026-06-15,1711,N,VIIRS,n,2.0NRT,302.77,9.63,D
-14.51339,-45.30561,330.55,0.49,0.48,2026-06-15,1711,N,VIIRS,n,2.0NRT,299.16,5.04,D
-14.51041,-45.30259,336.52,0.49,0.48,2026-06-15,1711,N,VIIRS,n,2.0NRT,299.13,10.67,D
-14.50895,-45.30656,340.39,0.49,0.48,2026-06-15,1711,N,VIIRS,n,2.0NRT,300.66,5.04,D
-14.32447,-47.51512,331.4,0.54,0.42,2026-06-15,1711,N,VIIRS,n,2.0NRT,298.8,6.09,D
-14.3236,-47.51009,331.82,0.54,0.42,2026-06-15,1711,N,VIIRS,n,2.0NRT,298.41,6.09,D
-14.31889,-42.30017,341.04,0.39,0.59,2026-06-15,1711,N,VIIRS,n,2.0NRT,299.75,6.07,D
-14.29913,-42.79982,341.95,0.36,0.57,2026-06-15,1711,N,VIIRS,n,2.0NRT,298.01,3.03,D
-14.26709,-52.02312,330.94,0.38,0.36,2026-06-15,1711,N,VIIRS,n,2.0NRT,300.37,5.42,D
-14.15442,-41.95696,340.97,0.41,0.61,2026-06-15,1711,N,VIIRS,n,2.0NRT,299.37,5.68,D
-14.11773,-59.45608,345.74,0.54,0.51,2026-06-15,1711,N,VIIRS,n,2.0NRT,292.36,8.81,D
-14.11305,-59.45675,367,0.54,0.51,2026-06-15,1711,N,VIIRS,h,2.0NRT,292.85,8.81,D
-14.11243,-59.45169,329.42,0.54,0.51,2026-06-15,1711,N,VIIRS,n,2.0NRT,293.42,8.81,D
-14.01548,-51.39859,335.34,0.39,0.36,2026-06-15,1711,N,VIIRS,n,2.0NRT,304.05,2.5,D
-14.01492,-51.39499,332.32,0.39,0.36,2026-06-15,1711,N,VIIRS,l,2.0NRT,304.57,2.5,D
-13.98603,-42.71565,332.25,0.37,0.58,2026-06-15,1711,N,VIIRS,n,2.0NRT,299.48,3.93,D
-13.96852,-53.94598,345.63,0.41,0.37,2026-06-15,1711,N,VIIRS,n,2.0NRT,305.76,23.57,D
-13.96511,-53.94651,341.33,0.41,0.37,2026-06-15,1711,N,VIIRS,n,2.0NRT,301.77,3.92,D
-13.95254,-41.31536,337.19,0.45,0.63,2026-06-15,1711,N,VIIRS,n,2.0NRT,296.43,3.55,D
-13.88729,-54.07854,351.63,0.41,0.37,2026-06-15,1711,N,VIIRS,n,2.0NRT,303.26,9.9,D
-13.88386,-54.07906,335.06,0.41,0.37,2026-06-15,1711,N,VIIRS,n,2.0NRT,302.88,4.51,D
-13.8833,-54.07526,342.1,0.41,0.37,2026-06-15,1711,N,VIIRS,n,2.0NRT,302.39,4.51,D
-13.8641,-54.01604,343.73,0.41,0.37,2026-06-15,1711,N,VIIRS,n,2.0NRT,306.02,21.41,D
-13.86068,-54.01657,330.24,0.41,0.37,2026-06-15,1711,N,VIIRS,l,2.0NRT,301.03,3.94,D
-13.86013,-54.01286,334.89,0.41,0.37,2026-06-15,1711,N,VIIRS,n,2.0NRT,303.36,6.66,D
-13.85605,-54.03276,338.07,0.41,0.37,2026-06-15,1711,N,VIIRS,n,2.0NRT,303.9,3.99,D
-13.85286,-53.98709,342.15,0.41,0.37,2026-06-15,1711,N,VIIRS,n,2.0NRT,304.06,7.87,D
-13.85218,-54.00636,331.89,0.41,0.37,2026-06-15,1711,N,VIIRS,n,2.0NRT,301.11,3.76,D
-13.84876,-54.00684,334.51,0.41,0.37,2026-06-15,1711,N,VIIRS,n,2.0NRT,298.81,3.76,D
-13.84821,-54.00309,342.39,0.41,0.37,2026-06-15,1711,N,VIIRS,n,2.0NRT,303.32,3.76,D
-13.84766,-53.99936,335.13,0.41,0.37,2026-06-15,1711,N,VIIRS,n,2.0NRT,302.74,5.84,D
-13.78445,-47.09256,333.09,0.39,0.44,2026-06-15,1711,N,VIIRS,n,2.0NRT,299.97,3.74,D
-13.66568,-60.5372,340.23,0.62,0.54,2026-06-15,1711,N,VIIRS,n,2.0NRT,289.08,0.6,D
-13.66334,-39.33463,326.84,0.62,0.71,2026-06-15,1711,N,VIIRS,n,2.0NRT,290.74,4.58,D
-13.58001,-45.24178,340.81,0.51,0.49,2026-06-15,1711,N,VIIRS,n,2.0NRT,301.29,5.45,D
-13.55237,-47.85168,336.01,0.53,0.42,2026-06-15,1711,N,VIIRS,n,2.0NRT,300.21,7.77,D
-13.55126,-47.84987,347.63,0.53,0.42,2026-06-15,1711,N,VIIRS,n,2.0NRT,300.22,13.67,D
-13.40502,-39.38851,325.78,0.62,0.71,2026-06-15,1711,N,VIIRS,n,2.0NRT,290.59,3.49,D
-13.28766,-40.33905,367,0.54,0.68,2026-06-15,1711,N,VIIRS,h,2.0NRT,295.31,10.01,D
-13.1885,-50.51524,342.65,0.41,0.37,2026-06-15,1711,N,VIIRS,n,2.0NRT,301.3,5.65,D
-13.18508,-50.51581,348.01,0.41,0.37,2026-06-15,1711,N,VIIRS,n,2.0NRT,301.03,5.65,D
-12.91204,-54.22284,346.11,0.41,0.37,2026-06-15,1711,N,VIIRS,n,2.0NRT,303.76,5.78,D
-12.90917,-54.22712,333.89,0.41,0.37,2026-06-15,1711,N,VIIRS,l,2.0NRT,305.07,5.78,D
-12.90862,-54.22336,351.39,0.41,0.37,2026-06-15,1711,N,VIIRS,n,2.0NRT,306.38,5.78,D
-12.9052,-54.22388,339.49,0.41,0.37,2026-06-15,1711,N,VIIRS,n,2.0NRT,300.58,5.83,D
-12.84389,-45.95368,333.1,0.47,0.48,2026-06-15,1711,N,VIIRS,l,2.0NRT,306.19,12.43,D
-12.80764,-49.41702,340.52,0.45,0.39,2026-06-15,1711,N,VIIRS,n,2.0NRT,303.14,5.46,D
-12.80383,-54.86382,340.73,0.43,0.38,2026-06-15,1711,N,VIIRS,n,2.0NRT,309.32,7.46,D
-12.76496,-39.33726,333.24,0.64,0.72,2026-06-15,1711,N,VIIRS,n,2.0NRT,292.23,5.25,D
-12.73893,-46.29324,333.16,0.45,0.47,2026-06-15,1711,N,VIIRS,n,2.0NRT,303.11,4.11,D
-12.73812,-46.29688,332.54,0.45,0.47,2026-06-15,1711,N,VIIRS,l,2.0NRT,302.63,6.33,D
-12.73679,-46.28149,332.14,0.45,0.47,2026-06-15,1711,N,VIIRS,l,2.0NRT,303.37,2.49,D
-12.7345,-46.30161,332.48,0.45,0.47,2026-06-15,1711,N,VIIRS,n,2.0NRT,301.58,2.74,D
-12.68799,-54.57867,345.72,0.42,0.37,2026-06-15,1711,N,VIIRS,n,2.0NRT,306.32,10.38,D
-12.68454,-54.57919,345.12,0.42,0.37,2026-06-15,1711,N,VIIRS,n,2.0NRT,306.71,7.61,D
-12.68108,-54.57971,348.56,0.42,0.37,2026-06-15,1711,N,VIIRS,n,2.0NRT,305.83,7.61,D
-12.67762,-54.58023,348.16,0.42,0.37,2026-06-15,1711,N,VIIRS,n,2.0NRT,305.61,8.16,D
-12.65637,-47.66595,333.78,0.56,0.43,2026-06-15,1711,N,VIIRS,n,2.0NRT,303.34,15.83,D
-12.65479,-47.66936,339.92,0.56,0.43,2026-06-15,1711,N,VIIRS,n,2.0NRT,307.07,22.58,D
-12.65241,-47.66664,334.3,0.56,0.43,2026-06-15,1711,N,VIIRS,n,2.0NRT,302.26,15.83,D
-12.65083,-47.67005,336.34,0.56,0.43,2026-06-15,1711,N,VIIRS,n,2.0NRT,300.99,22.58,D
-12.55304,-57.16816,342.58,0.55,0.43,2026-06-15,1711,N,VIIRS,n,2.0NRT,304.06,6.52,D
-12.54979,-57.17377,335.34,0.55,0.43,2026-06-15,1711,N,VIIRS,n,2.0NRT,300.52,6.52,D
-12.5491,-57.16869,331.3,0.55,0.43,2026-06-15,1711,N,VIIRS,l,2.0NRT,303.84,6.52,D
-12.54584,-57.1743,329.98,0.55,0.43,2026-06-15,1711,N,VIIRS,l,2.0NRT,301.18,5.55,D
-12.54515,-57.16924,336.25,0.55,0.43,2026-06-15,1711,N,VIIRS,n,2.0NRT,302.51,5.55,D
-12.54309,-57.15408,329.52,0.55,0.43,2026-06-15,1711,N,VIIRS,l,2.0NRT,303.8,9.14,D
-12.4782,-48.18603,331.04,0.53,0.42,2026-06-15,1711,N,VIIRS,n,2.0NRT,300.91,5,D
-12.46735,-49.11853,338.05,0.47,0.4,2026-06-15,1711,N,VIIRS,n,2.0NRT,306.56,6.01,D
-12.42308,-47.91105,336.58,0.55,0.42,2026-06-15,1711,N,VIIRS,n,2.0NRT,306.36,8.18,D
-12.42005,-47.91683,332.93,0.55,0.42,2026-06-15,1711,N,VIIRS,l,2.0NRT,302.96,3.61,D
-12.29597,-52.50352,339.77,0.38,0.36,2026-06-15,1711,N,VIIRS,l,2.0NRT,312.13,6.18,D
-12.17174,-43.20528,344.21,0.37,0.58,2026-06-15,1711,N,VIIRS,n,2.0NRT,306.38,2.84,D
-12.16934,-43.20784,343.32,0.37,0.58,2026-06-15,1711,N,VIIRS,n,2.0NRT,308.09,3.08,D
-12.16868,-43.20445,334.11,0.37,0.58,2026-06-15,1711,N,VIIRS,l,2.0NRT,304.89,3.08,D
-12.1664,-43.2063,332.15,0.37,0.58,2026-06-15,1711,N,VIIRS,l,2.0NRT,306.35,2.84,D
-12.13508,-51.29281,339.29,0.4,0.37,2026-06-15,1711,N,VIIRS,n,2.0NRT,301.91,3.48,D
-12.06819,-47.549,339.7,0.39,0.44,2026-06-15,1711,N,VIIRS,n,2.0NRT,306.75,21.97,D
-12.06747,-45.2777,342.92,0.54,0.51,2026-06-15,1711,N,VIIRS,n,2.0NRT,305.62,8.6,D
-12.06417,-47.54971,351.39,0.39,0.44,2026-06-15,1711,N,VIIRS,n,2.0NRT,309.36,21.97,D
-12.03423,-47.80383,335.83,0.56,0.43,2026-06-15,1711,N,VIIRS,l,2.0NRT,307.55,8.28,D
-12.03278,-47.80726,335.56,0.56,0.43,2026-06-15,1711,N,VIIRS,l,2.0NRT,306.55,5.77,D
-11.98191,-48.19727,338.44,0.54,0.42,2026-06-15,1711,N,VIIRS,n,2.0NRT,303.49,4.78,D
-11.97804,-48.19795,346.71,0.54,0.42,2026-06-15,1711,N,VIIRS,n,2.0NRT,307.56,19.92,D
-11.91716,-57.03424,347.31,0.53,0.42,2026-06-15,1711,N,VIIRS,n,2.0NRT,305.67,8.51,D
-11.90924,-48.45613,332.03,0.52,0.41,2026-06-15,1711,N,VIIRS,l,2.0NRT,303.65,2.17,D
-11.89024,-55.13367,351.02,0.43,0.38,2026-06-15,1711,N,VIIRS,n,2.0NRT,303.33,10.38,D
-11.89017,-55.13353,353.88,0.43,0.38,2026-06-15,1711,N,VIIRS,n,2.0NRT,304.18,12.64,D
-11.83813,-46.6403,347.57,0.45,0.47,2026-06-15,1711,N,VIIRS,n,2.0NRT,303.44,7.85,D
-11.83583,-46.64053,344.71,0.44,0.46,2026-06-15,1711,N,VIIRS,n,2.0NRT,301.36,8.71,D
-11.83509,-46.63646,342.02,0.44,0.46,2026-06-15,1711,N,VIIRS,n,2.0NRT,304.13,11.8,D
-11.83314,-46.63696,343.02,0.45,0.47,2026-06-15,1711,N,VIIRS,n,2.0NRT,303.6,11.84,D
-11.83132,-51.62164,344.51,0.39,0.36,2026-06-15,1711,N,VIIRS,n,2.0NRT,304.14,14.19,D
-11.83088,-44.74052,341.08,0.59,0.53,2026-06-15,1711,N,VIIRS,n,2.0NRT,302.11,4.43,D
-11.83076,-51.61803,354.34,0.39,0.36,2026-06-15,1711,N,VIIRS,n,2.0NRT,305.15,14.19,D
-11.82851,-44.74263,338.25,0.59,0.53,2026-06-15,1711,N,VIIRS,n,2.0NRT,302.11,7.17,D
-11.82797,-51.62217,337.83,0.39,0.36,2026-06-15,1711,N,VIIRS,n,2.0NRT,302.61,5.53,D
-11.82743,-44.73661,344.35,0.59,0.53,2026-06-15,1711,N,VIIRS,n,2.0NRT,303.98,7.17,D
-11.8274,-51.61858,338.61,0.39,0.36,2026-06-15,1711,N,VIIRS,n,2.0NRT,305.46,5.53,D
-11.82684,-51.61498,348.93,0.39,0.36,2026-06-15,1711,N,VIIRS,n,2.0NRT,307.02,5.28,D
-11.82349,-51.61554,337.97,0.39,0.36,2026-06-15,1711,N,VIIRS,n,2.0NRT,305.57,5.28,D
-11.80147,-57.35313,335.2,0.55,0.43,2026-06-15,1711,N,VIIRS,n,2.0NRT,304.57,7,D
-11.79567,-40.92457,327.65,0.53,0.67,2026-06-15,1711,N,VIIRS,n,2.0NRT,295.87,3.68,D
-11.79327,-57.00408,339.43,0.53,0.42,2026-06-15,1711,N,VIIRS,n,2.0NRT,302.45,11.29,D
-11.79258,-56.99919,348.78,0.53,0.42,2026-06-15,1711,N,VIIRS,n,2.0NRT,309.03,11.17,D
-11.7919,-56.99431,334.27,0.53,0.42,2026-06-15,1711,N,VIIRS,l,2.0NRT,308.22,11.17,D
-11.76484,-47.33806,335.68,0.4,0.44,2026-06-15,1711,N,VIIRS,n,2.0NRT,309.02,5.07,D
-11.76419,-47.33434,351.8,0.4,0.44,2026-06-15,1711,N,VIIRS,n,2.0NRT,311.76,5.07,D
-11.7336,-47.06291,332.87,0.42,0.45,2026-06-15,1711,N,VIIRS,n,2.0NRT,303.95,1.79,D
-11.72241,-54.49451,328.92,0.41,0.37,2026-06-15,1711,N,VIIRS,l,2.0NRT,302.61,59.53,D
-11.72187,-54.49075,351.46,0.41,0.37,2026-06-15,1711,N,VIIRS,n,2.0NRT,316.56,40.42,D
-11.72132,-54.487,356.02,0.41,0.37,2026-06-15,1711,N,VIIRS,n,2.0NRT,308.51,40.42,D
-11.72077,-54.48325,340.1,0.41,0.37,2026-06-15,1711,N,VIIRS,n,2.0NRT,304.35,8.36,D
-11.71845,-54.49128,344.12,0.41,0.37,2026-06-15,1711,N,VIIRS,l,2.0NRT,315.04,40.42,D
-11.71557,-54.49557,333.76,0.41,0.37,2026-06-15,1711,N,VIIRS,n,2.0NRT,301.36,3.67,D
-11.71502,-54.49181,338.48,0.41,0.37,2026-06-15,1711,N,VIIRS,n,2.0NRT,307.98,10.14,D
-11.69668,-44.15753,367,0.32,0.55,2026-06-15,1711,N,VIIRS,h,2.0NRT,303.13,4.63,D
-11.69613,-44.15454,338.35,0.33,0.55,2026-06-15,1711,N,VIIRS,n,2.0NRT,304.32,4.63,D
-11.69161,-44.15848,331.41,0.32,0.55,2026-06-15,1711,N,VIIRS,n,2.0NRT,301.02,2.44,D
-11.66445,-56.767,339.32,0.51,0.41,2026-06-15,1711,N,VIIRS,n,2.0NRT,301.67,7.62,D
-11.64786,-52.86168,334.76,0.38,0.36,2026-06-15,1711,N,VIIRS,l,2.0NRT,308.57,5.35,D
-11.62278,-45.1842,343.83,0.56,0.51,2026-06-15,1711,N,VIIRS,n,2.0NRT,310.14,11.16,D
-11.59971,-55.33766,331.41,0.44,0.38,2026-06-15,1711,N,VIIRS,l,2.0NRT,303.9,4.59,D
-11.59924,-55.33471,338.59,0.44,0.38,2026-06-15,1711,N,VIIRS,n,2.0NRT,305.18,6.34,D
-11.59618,-55.33818,334.56,0.44,0.38,2026-06-15,1711,N,VIIRS,n,2.0NRT,300.86,4.59,D
-11.59571,-55.33524,343.19,0.44,0.38,2026-06-15,1711,N,VIIRS,n,2.0NRT,301.26,6.34,D
-11.5956,-55.33418,332.38,0.44,0.38,2026-06-15,1711,N,VIIRS,n,2.0NRT,300.76,4.59,D
-11.59265,-55.3387,337.15,0.44,0.38,2026-06-15,1711,N,VIIRS,n,2.0NRT,302.21,7.24,D
-11.58971,-55.34322,332.25,0.44,0.38,2026-06-15,1711,N,VIIRS,n,2.0NRT,299.13,4.82,D
-11.58912,-55.33922,338.11,0.44,0.38,2026-06-15,1711,N,VIIRS,n,2.0NRT,300.47,7.24,D
-11.58618,-55.34375,334.81,0.44,0.38,2026-06-15,1711,N,VIIRS,n,2.0NRT,299.18,5.18,D
-11.5856,-55.33974,367,0.44,0.38,2026-06-15,1711,N,VIIRS,h,2.0NRT,302.03,11.26,D
-11.58501,-55.33575,331.85,0.44,0.38,2026-06-15,1711,N,VIIRS,n,2.0NRT,298.88,11.26,D
-11.54909,-52.79424,339.36,0.38,0.36,2026-06-15,1711,N,VIIRS,n,2.0NRT,302.86,3.84,D
-11.45599,-55.11257,334.54,0.43,0.38,2026-06-15,1711,N,VIIRS,l,2.0NRT,307.33,5.24,D
-11.45541,-55.11266,337.97,0.43,0.38,2026-06-15,1711,N,VIIRS,n,2.0NRT,307.02,5.85,D
-11.43589,-40.76664,341.23,0.55,0.68,2026-06-15,1711,N,VIIRS,n,2.0NRT,295.34,10.28,D
-11.42963,-40.76809,367,0.55,0.68,2026-06-15,1711,N,VIIRS,h,2.0NRT,298.11,10.28,D
-11.3908,-51.26889,330.19,0.4,0.37,2026-06-15,1711,N,VIIRS,l,2.0NRT,303.69,2.05,D
-11.38741,-51.26945,345.48,0.4,0.37,2026-06-15,1711,N,VIIRS,n,2.0NRT,309.45,12.95,D
-11.38402,-51.27,334.95,0.4,0.37,2026-06-15,1711,N,VIIRS,n,2.0NRT,302.31,12.95,D
-11.35015,-51.40695,338.02,0.4,0.37,2026-06-15,1711,N,VIIRS,n,2.0NRT,306.11,3.45,D
-11.34899,-51.39965,335.14,0.4,0.37,2026-06-15,1711,N,VIIRS,l,2.0NRT,305.65,3.23,D
-11.34677,-51.40749,345.77,0.4,0.37,2026-06-15,1711,N,VIIRS,n,2.0NRT,309.82,22.68,D
-11.34561,-51.40019,342.85,0.4,0.37,2026-06-15,1711,N,VIIRS,n,2.0NRT,306.5,12.49,D
-11.31762,-54.46463,338.47,0.41,0.37,2026-06-15,1711,N,VIIRS,n,2.0NRT,303.41,10.22,D
-11.31749,-54.48739,355.62,0.41,0.37,2026-06-15,1711,N,VIIRS,n,2.0NRT,305.24,9.68,D
-11.27014,-53.95937,339.86,0.39,0.36,2026-06-15,1711,N,VIIRS,n,2.0NRT,308.51,5.71,D
-11.26731,-53.9635,338.94,0.39,0.36,2026-06-15,1711,N,VIIRS,l,2.0NRT,309.83,8.62,D
-11.26677,-53.95989,347.2,0.39,0.36,2026-06-15,1711,N,VIIRS,n,2.0NRT,307.83,4.83,D
-11.26623,-53.95628,334.05,0.39,0.36,2026-06-15,1711,N,VIIRS,l,2.0NRT,307.22,4.83,D
-11.25585,-49.67701,346.34,0.46,0.39,2026-06-15,1711,N,VIIRS,n,2.0NRT,304.97,16.03,D
-11.25293,-49.68182,341.16,0.46,0.39,2026-06-15,1711,N,VIIRS,n,2.0NRT,302.84,16.03,D
-11.25224,-49.67762,341.39,0.46,0.39,2026-06-15,1711,N,VIIRS,n,2.0NRT,305.93,16.03,D
-11.23551,-46.4113,331.53,0.47,0.48,2026-06-15,1711,N,VIIRS,n,2.0NRT,301.25,3.42,D
-11.22886,-46.39915,339.21,0.47,0.48,2026-06-15,1711,N,VIIRS,n,2.0NRT,304.94,6.01,D
-11.22682,-46.41344,340.89,0.47,0.48,2026-06-15,1711,N,VIIRS,n,2.0NRT,299.89,10.97,D
-11.22605,-46.40903,343.33,0.47,0.48,2026-06-15,1711,N,VIIRS,n,2.0NRT,302.04,10.97,D
-11.20895,-49.68488,330.91,0.46,0.39,2026-06-15,1711,N,VIIRS,l,2.0NRT,301.74,5.36,D
-11.20825,-49.68067,334.41,0.46,0.39,2026-06-15,1711,N,VIIRS,n,2.0NRT,302.07,7.65,D
-11.20465,-49.68127,336,0.46,0.39,2026-06-15,1711,N,VIIRS,n,2.0NRT,303.86,21.99,D
-11.20103,-49.68188,353.61,0.46,0.39,2026-06-15,1711,N,VIIRS,n,2.0NRT,307.64,21.99,D
-10.98731,-49.54176,334.56,0.47,0.4,2026-06-15,1711,N,VIIRS,n,2.0NRT,304.17,3.54,D
-10.96604,-40.2535,333.63,0.6,0.71,2026-06-15,1711,N,VIIRS,n,2.0NRT,292.93,3.94,D
-10.93595,-49.41278,333.09,0.48,0.4,2026-06-15,1711,N,VIIRS,l,2.0NRT,306.99,6.03,D
-10.90641,-54.13367,342.37,0.4,0.37,2026-06-15,1711,N,VIIRS,n,2.0NRT,306.87,11.02,D
-10.90304,-54.13419,347.38,0.4,0.37,2026-06-15,1711,N,VIIRS,n,2.0NRT,309.76,11.02,D
-10.9025,-54.13057,337.92,0.4,0.37,2026-06-15,1711,N,VIIRS,n,2.0NRT,309.21,11.02,D
-10.83931,-53.72917,344.51,0.39,0.36,2026-06-15,1711,N,VIIRS,n,2.0NRT,304.81,3.88,D
-10.83877,-53.72561,340.18,0.39,0.36,2026-06-15,1711,N,VIIRS,n,2.0NRT,307.94,6.84,D
-10.83703,-53.7368,341.61,0.39,0.36,2026-06-15,1711,N,VIIRS,n,2.0NRT,306.19,7.02,D
-10.83596,-53.72969,334.6,0.39,0.36,2026-06-15,1711,N,VIIRS,l,2.0NRT,305.23,3.88,D
-10.8349,-55.39153,346.76,0.43,0.38,2026-06-15,1711,N,VIIRS,n,2.0NRT,306.23,5.08,D
-10.83368,-53.73731,347,0.39,0.36,2026-06-15,1711,N,VIIRS,n,2.0NRT,306.47,5.57,D
-10.83262,-53.73019,336.37,0.39,0.36,2026-06-15,1711,N,VIIRS,l,2.0NRT,310.2,8.06,D
-10.81857,-56.6005,345.08,0.49,0.4,2026-06-15,1711,N,VIIRS,n,2.0NRT,305.92,13.1,D
-10.81485,-56.60107,348.99,0.49,0.4,2026-06-15,1711,N,VIIRS,n,2.0NRT,303.78,9.32,D
-10.81422,-56.59657,338.16,0.49,0.4,2026-06-15,1711,N,VIIRS,l,2.0NRT,308.62,9.32,D
-10.81359,-56.5993,353.18,0.49,0.4,2026-06-15,1711,N,VIIRS,n,2.0NRT,307.78,15.83,D
-10.77401,-54.10621,341.16,0.39,0.37,2026-06-15,1711,N,VIIRS,l,2.0NRT,311.17,8.78,D
-10.77348,-54.10261,348.65,0.39,0.37,2026-06-15,1711,N,VIIRS,n,2.0NRT,311.42,6.65,D
-10.77295,-54.09901,341.36,0.39,0.37,2026-06-15,1711,N,VIIRS,l,2.0NRT,312.24,6.65,D
-10.77011,-54.10312,349.17,0.39,0.37,2026-06-15,1711,N,VIIRS,n,2.0NRT,312.61,6.65,D
-10.74468,-44.05006,352.27,0.34,0.56,2026-06-15,1711,N,VIIRS,n,2.0NRT,304.13,4.02,D
-10.7439,-40.48769,343.32,0.59,0.7,2026-06-15,1711,N,VIIRS,n,2.0NRT,294.69,4.89,D
-10.70997,-49.67326,367,0.47,0.39,2026-06-15,1711,N,VIIRS,h,2.0NRT,312.66,10.26,D
-10.70928,-49.66901,338.01,0.47,0.39,2026-06-15,1711,N,VIIRS,n,2.0NRT,309.36,10.26,D
-10.70633,-49.67387,343.35,0.47,0.39,2026-06-15,1711,N,VIIRS,n,2.0NRT,304.15,5.34,D
-10.6064,-46.60016,338.07,0.47,0.48,2026-06-15,1711,N,VIIRS,n,2.0NRT,306.61,4.36,D
-10.57748,-57.31335,338.81,0.53,0.42,2026-06-15,1711,N,VIIRS,n,2.0NRT,301.23,8.21,D
-10.5737,-47.03437,335.05,0.44,0.46,2026-06-15,1711,N,VIIRS,l,2.0NRT,308.84,6.07,D
-10.5736,-57.31387,343,0.53,0.42,2026-06-15,1711,N,VIIRS,n,2.0NRT,302.3,8.21,D
-10.56803,-47.02693,334.34,0.44,0.46,2026-06-15,1711,N,VIIRS,l,2.0NRT,307.84,5.33,D
-10.53748,-53.71561,340.71,0.39,0.36,2026-06-15,1711,N,VIIRS,n,2.0NRT,306.13,5.98,D
-10.53414,-53.71611,330.5,0.39,0.36,2026-06-15,1711,N,VIIRS,l,2.0NRT,302.68,3.49,D
-10.53234,-44.09319,331.65,0.34,0.56,2026-06-15,1711,N,VIIRS,n,2.0NRT,300.97,2.79,D
-10.41232,-46.39503,346.81,0.49,0.48,2026-06-15,1711,N,VIIRS,n,2.0NRT,306.44,7.36,D
-10.31057,-46.1701,348.97,0.51,0.49,2026-06-15,1711,N,VIIRS,n,2.0NRT,308.13,10.28,D
-10.30605,-46.17094,345.35,0.51,0.49,2026-06-15,1711,N,VIIRS,n,2.0NRT,309.15,52.63,D
-10.12111,-48.45283,330.65,0.55,0.43,2026-06-15,1711,N,VIIRS,l,2.0NRT,301.36,4.17,D
-10.11865,-46.43948,346.67,0.49,0.49,2026-06-15,1711,N,VIIRS,n,2.0NRT,307.31,7.13,D
-10.11418,-46.44027,344.62,0.49,0.49,2026-06-15,1711,N,VIIRS,n,2.0NRT,306.84,7.13,D
-10.08961,-52.1829,338.33,0.39,0.36,2026-06-15,1711,N,VIIRS,n,2.0NRT,306.56,29.83,D
-10.08905,-52.17935,333.43,0.39,0.36,2026-06-15,1711,N,VIIRS,n,2.0NRT,301.06,18.87,D
-10.03566,-46.20735,336.29,0.51,0.49,2026-06-15,1711,N,VIIRS,n,2.0NRT,303.43,4.59,D
-10.03484,-46.20345,334.54,0.51,0.49,2026-06-15,1711,N,VIIRS,n,2.0NRT,303.74,3.26,D
-10.03111,-46.20818,341.72,0.51,0.49,2026-06-15,1711,N,VIIRS,n,2.0NRT,303.69,4.59,D
-10.03029,-46.20425,346.79,0.51,0.49,2026-06-15,1711,N,VIIRS,n,2.0NRT,306.91,7.69,D
-10.03029,-46.2034,344.79,0.51,0.49,2026-06-15,1711,N,VIIRS,n,2.0NRT,306.53,10.96,D
-10.02811,-46.37927,353.37,0.5,0.49,2026-06-15,1711,N,VIIRS,n,2.0NRT,307.34,8.84,D
-10.02574,-46.20504,332.15,0.51,0.49,2026-06-15,1711,N,VIIRS,l,2.0NRT,306.24,7.69,D
-10.02574,-46.20419,332.3,0.51,0.49,2026-06-15,1711,N,VIIRS,l,2.0NRT,306.39,3.55,D
-10.02519,-46.3891,348.31,0.49,0.49,2026-06-15,1711,N,VIIRS,n,2.0NRT,304.6,11.11,D
-10.02439,-46.38452,331.49,0.5,0.49,2026-06-15,1711,N,VIIRS,l,2.0NRT,303.31,8.84,D
-10.0207,-46.38991,330.38,0.49,0.49,2026-06-15,1711,N,VIIRS,n,2.0NRT,301,36.96,D
-10.01989,-46.38531,345.91,0.5,0.49,2026-06-15,1711,N,VIIRS,n,2.0NRT,315.04,53.79,D
-10.01909,-46.38073,332.32,0.5,0.49,2026-06-15,1711,N,VIIRS,l,2.0NRT,305.16,53.79,D
-10.01623,-46.39085,301.57,0.49,0.49,2026-06-15,1711,N,VIIRS,l,2.0NRT,309.67,36.96,D
-10.01541,-46.38619,356.33,0.5,0.49,2026-06-15,1711,N,VIIRS,n,2.0NRT,314.15,53.79,D
-9.98618,-48.32115,335.71,0.56,0.43,2026-06-15,1711,N,VIIRS,n,2.0NRT,304.29,6.13,D
-9.96822,-46.11708,355.28,0.52,0.5,2026-06-15,1711,N,VIIRS,n,2.0NRT,305.91,16.42,D
-9.96699,-47.94077,334.81,0.4,0.44,2026-06-15,1711,N,VIIRS,n,2.0NRT,306.63,2.62,D
-9.95737,-46.10916,333.53,0.52,0.5,2026-06-15,1711,N,VIIRS,l,2.0NRT,307.74,5.99,D
-9.95449,-46.11959,345.61,0.52,0.5,2026-06-15,1711,N,VIIRS,n,2.0NRT,305.17,4.59,D
-9.95364,-46.11479,337.79,0.52,0.5,2026-06-15,1711,N,VIIRS,n,2.0NRT,305.71,4.59,D
-9.95279,-46.10998,335.1,0.52,0.5,2026-06-15,1711,N,VIIRS,l,2.0NRT,306.01,6.67,D
-9.95194,-46.10515,346.05,0.52,0.5,2026-06-15,1711,N,VIIRS,n,2.0NRT,304.67,6.67,D
-9.93981,-52.45823,337.74,0.39,0.36,2026-06-15,1711,N,VIIRS,n,2.0NRT,305.55,4.97,D
-9.93256,-48.40151,336.54,0.56,0.43,2026-06-15,1711,N,VIIRS,n,2.0NRT,304.47,5.66,D
-9.87035,-48.32262,331.08,0.56,0.43,2026-06-15,1711,N,VIIRS,n,2.0NRT,300.12,5.05,D
-9.72557,-48.28488,336.46,0.57,0.43,2026-06-15,1711,N,VIIRS,n,2.0NRT,303.39,4.47,D
-9.7074,-46.34509,335.86,0.5,0.49,2026-06-15,1711,N,VIIRS,n,2.0NRT,300.36,3.21,D
-9.6167,-48.12872,332.17,0.39,0.44,2026-06-15,1711,N,VIIRS,n,2.0NRT,302.05,1.8,D
-9.61329,-48.13306,367,0.39,0.44,2026-06-15,1711,N,VIIRS,h,2.0NRT,308.32,9.68,D
-9.61268,-48.12947,352.45,0.39,0.44,2026-06-15,1711,N,VIIRS,n,2.0NRT,310.14,9.68,D
-9.60768,-48.14859,340.4,0.39,0.44,2026-06-15,1711,N,VIIRS,n,2.0NRT,304.47,3.36,D
-9.60707,-48.14508,343.09,0.39,0.44,2026-06-15,1711,N,VIIRS,n,2.0NRT,303.1,3.36,D
-9.60652,-48.14625,339.92,0.39,0.44,2026-06-15,1711,N,VIIRS,n,2.0NRT,303.41,3.92,D
-9.57607,-48.16242,340.04,0.39,0.44,2026-06-15,1711,N,VIIRS,n,2.0NRT,307.06,5.75,D
-9.55797,-48.22679,343.99,0.39,0.44,2026-06-15,1711,N,VIIRS,n,2.0NRT,304.2,3.82,D
-9.54159,-48.27591,344.82,0.38,0.43,2026-06-15,1711,N,VIIRS,n,2.0NRT,304.22,3.69,D
-9.52641,-48.08975,351.19,0.39,0.44,2026-06-15,1711,N,VIIRS,n,2.0NRT,304.13,5.74,D
-9.49041,-49.16132,331.19,0.51,0.41,2026-06-15,1711,N,VIIRS,n,2.0NRT,301.16,3.21,D
-9.43114,-48.01691,334.69,0.4,0.44,2026-06-15,1711,N,VIIRS,n,2.0NRT,303.93,3.82,D
-9.41954,-48.02267,344.75,0.4,0.44,2026-06-15,1711,N,VIIRS,n,2.0NRT,306.33,12.23,D
-9.37394,-48.34556,331.49,0.57,0.43,2026-06-15,1711,N,VIIRS,l,2.0NRT,303.2,4.57,D
-9.37222,-46.49154,355.23,0.5,0.49,2026-06-15,1711,N,VIIRS,n,2.0NRT,308.6,59.4,D
-9.37061,-46.48234,344.3,0.5,0.49,2026-06-15,1711,N,VIIRS,n,2.0NRT,306,36.2,D
-9.36771,-46.49234,358.25,0.5,0.49,2026-06-15,1711,N,VIIRS,n,2.0NRT,306.81,59.4,D
-9.3669,-46.48775,349.74,0.5,0.49,2026-06-15,1711,N,VIIRS,n,2.0NRT,304.08,59.4,D
-9.36673,-47.08372,348.91,0.46,0.47,2026-06-15,1711,N,VIIRS,n,2.0NRT,310.23,11.03,D
-9.3632,-46.49314,355.24,0.5,0.49,2026-06-15,1711,N,VIIRS,n,2.0NRT,310.86,55.63,D
-9.21605,-47.33648,342.76,0.44,0.46,2026-06-15,1711,N,VIIRS,n,2.0NRT,312.38,15.39,D
-9.21535,-47.33234,341.99,0.44,0.46,2026-06-15,1711,N,VIIRS,n,2.0NRT,308.4,15.39,D
-9.21248,-47.34131,343.54,0.44,0.46,2026-06-15,1711,N,VIIRS,n,2.0NRT,310.97,10.96,D
-9.21178,-47.33726,352.22,0.44,0.46,2026-06-15,1711,N,VIIRS,n,2.0NRT,310.97,41.09,D
-9.07582,-46.88821,340.39,0.48,0.48,2026-06-15,1711,N,VIIRS,n,2.0NRT,303.89,8.78,D
-9.06183,-46.88626,340.59,0.48,0.48,2026-06-15,1711,N,VIIRS,n,2.0NRT,305.11,8.89,D
-9.05925,-46.8907,337.83,0.48,0.48,2026-06-15,1711,N,VIIRS,n,2.0NRT,305.88,4.36,D
-9.05851,-46.88637,334.8,0.48,0.48,2026-06-15,1711,N,VIIRS,n,2.0NRT,304.44,4.36,D
-8.99372,-45.73608,334.11,0.57,0.52,2026-06-15,1711,N,VIIRS,l,2.0NRT,304.2,4.94,D
-8.99279,-45.73089,334.93,0.57,0.52,2026-06-15,1711,N,VIIRS,n,2.0NRT,303.58,5.04,D
-8.96665,-46.93334,347.91,0.47,0.48,2026-06-15,1711,N,VIIRS,n,2.0NRT,302.89,5.77,D
-8.96511,-46.92461,337.2,0.47,0.48,2026-06-15,1711,N,VIIRS,n,2.0NRT,304.19,3.04,D
-8.96359,-46.93757,332.53,0.47,0.48,2026-06-15,1711,N,VIIRS,n,2.0NRT,302.33,9.11,D
-8.96285,-46.93319,351.81,0.47,0.48,2026-06-15,1711,N,VIIRS,n,2.0NRT,313.4,20.11,D
-8.96226,-46.9342,353.65,0.47,0.48,2026-06-15,1711,N,VIIRS,n,2.0NRT,312.1,15.63,D
-8.96211,-46.92879,345.45,0.48,0.48,2026-06-15,1711,N,VIIRS,n,2.0NRT,310.53,20.11,D
-8.96148,-46.9298,341.79,0.47,0.48,2026-06-15,1711,N,VIIRS,n,2.0NRT,310.72,15.63,D
-8.96137,-46.92442,337.87,0.48,0.48,2026-06-15,1711,N,VIIRS,n,2.0NRT,307.98,5.38,D
-8.95918,-46.93834,337.52,0.47,0.48,2026-06-15,1711,N,VIIRS,n,2.0NRT,304.1,9.11,D
-8.95844,-46.93394,351.23,0.47,0.48,2026-06-15,1711,N,VIIRS,n,2.0NRT,308.16,20.11,D
-8.95785,-46.93493,354.35,0.47,0.48,2026-06-15,1711,N,VIIRS,n,2.0NRT,307.11,15.63,D
-8.95707,-46.93055,341.82,0.47,0.48,2026-06-15,1711,N,VIIRS,n,2.0NRT,304.99,15.63,D
-8.95402,-46.93468,342.71,0.47,0.48,2026-06-15,1711,N,VIIRS,n,2.0NRT,307.26,6.46,D
-8.95328,-46.93028,339.38,0.48,0.48,2026-06-15,1711,N,VIIRS,n,2.0NRT,304.66,6.46,D
-8.86366,-46.96353,336.33,0.47,0.48,2026-06-15,1711,N,VIIRS,n,2.0NRT,304.31,3.09,D
-8.82703,-44.78365,342.58,0.33,0.55,2026-06-15,1711,N,VIIRS,n,2.0NRT,307.14,4.6,D
-8.82353,-44.79337,353.97,0.33,0.55,2026-06-15,1711,N,VIIRS,n,2.0NRT,306.47,6.18,D
-8.82299,-44.79045,351.65,0.33,0.55,2026-06-15,1711,N,VIIRS,n,2.0NRT,307.57,5.25,D
-8.82246,-44.7875,340.97,0.33,0.55,2026-06-15,1711,N,VIIRS,n,2.0NRT,308.52,5.25,D
-8.81842,-44.7943,367,0.33,0.55,2026-06-15,1711,N,VIIRS,h,2.0NRT,305.93,6.18,D
-8.81788,-44.79136,338.54,0.33,0.55,2026-06-15,1711,N,VIIRS,n,2.0NRT,305.35,5.25,D
-8.54261,-44.73579,331.51,0.34,0.56,2026-06-15,1711,N,VIIRS,n,2.0NRT,300.62,0.47,D
-10.16121,-56.60011,335.4,0.48,0.4,2026-06-15,1713,N,VIIRS,n,2.0NRT,305.21,5.63,D
-10.15923,-56.59931,343.08,0.48,0.4,2026-06-15,1713,N,VIIRS,n,2.0NRT,306.73,23.36,D
-10.15751,-56.60063,343.45,0.48,0.4,2026-06-15,1713,N,VIIRS,n,2.0NRT,305.19,5.63,D
-10.15689,-56.59622,330.09,0.48,0.4,2026-06-15,1713,N,VIIRS,l,2.0NRT,301.2,6.12,D
-10.15553,-56.59983,350.45,0.48,0.4,2026-06-15,1713,N,VIIRS,n,2.0NRT,311.89,23.36,D
-10.1549,-56.59544,334.22,0.48,0.4,2026-06-15,1713,N,VIIRS,n,2.0NRT,300.5,15.57,D
-10.15184,-56.60037,347.52,0.48,0.4,2026-06-15,1713,N,VIIRS,n,2.0NRT,302.91,13.99,D
-10.1512,-56.59598,332.68,0.48,0.4,2026-06-15,1713,N,VIIRS,n,2.0NRT,299.8,5.16,D
-9.41061,-50.69971,340.07,0.43,0.38,2026-06-15,1713,N,VIIRS,n,2.0NRT,306.35,8.44,D
-9.40998,-50.69577,347.84,0.43,0.38,2026-06-15,1713,N,VIIRS,n,2.0NRT,311.29,18.86,D
-9.2624,-50.13561,332.02,0.46,0.39,2026-06-15,1713,N,VIIRS,n,2.0NRT,300.5,6.85,D
-9.26172,-50.13141,341.11,0.46,0.39,2026-06-15,1713,N,VIIRS,n,2.0NRT,309.55,6.85,D
-9.25879,-50.1362,338.19,0.46,0.39,2026-06-15,1713,N,VIIRS,n,2.0NRT,303.42,23.55,D
-9.25811,-50.132,350.01,0.46,0.39,2026-06-15,1713,N,VIIRS,n,2.0NRT,313.28,23.55,D
-9.2545,-50.1326,367,0.46,0.39,2026-06-15,1713,N,VIIRS,h,2.0NRT,310.14,23.55,D
-9.13979,-61.60858,331.85,0.32,0.55,2026-06-15,1713,N,VIIRS,n,2.0NRT,295.07,3.36,D
-8.9225,-49.60764,330.69,0.49,0.4,2026-06-15,1713,N,VIIRS,n,2.0NRT,304.02,2.86,D
-8.82039,-49.40801,336.21,0.51,0.41,2026-06-15,1713,N,VIIRS,n,2.0NRT,303.22,3.13,D
-8.81662,-49.40869,336.74,0.51,0.41,2026-06-15,1713,N,VIIRS,n,2.0NRT,305.49,12.3,D
-8.81588,-49.40413,346.45,0.51,0.41,2026-06-15,1713,N,VIIRS,n,2.0NRT,306.73,14.08,D
-8.81211,-49.40479,334.4,0.51,0.41,2026-06-15,1713,N,VIIRS,n,2.0NRT,303.52,14.08,D
-8.78343,-49.60564,332.8,0.49,0.41,2026-06-15,1713,N,VIIRS,l,2.0NRT,303.75,3.95,D
-8.77066,-47.82034,356.1,0.42,0.45,2026-06-15,1713,N,VIIRS,n,2.0NRT,304.56,19.21,D
-8.77002,-47.81648,341.39,0.42,0.45,2026-06-15,1713,N,VIIRS,n,2.0NRT,304.56,7.2,D
-8.74904,-47.49349,334.88,0.44,0.46,2026-06-15,1713,N,VIIRS,l,2.0NRT,305.16,4.63,D
-8.72248,-48.07902,341.1,0.4,0.45,2026-06-15,1713,N,VIIRS,n,2.0NRT,301.74,5.42,D
-8.7021,-47.46423,331.45,0.44,0.46,2026-06-15,1713,N,VIIRS,l,2.0NRT,303.97,4.22,D
-8.69355,-47.46571,331.66,0.44,0.46,2026-06-15,1713,N,VIIRS,l,2.0NRT,304.29,4.08,D
-8.60741,-47.14437,342.3,0.47,0.47,2026-06-15,1713,N,VIIRS,n,2.0NRT,305.43,5.93,D
-8.58952,-47.41219,340.8,0.45,0.47,2026-06-15,1713,N,VIIRS,n,2.0NRT,302.99,5.98,D
-8.58882,-47.40806,330.15,0.45,0.47,2026-06-15,1713,N,VIIRS,l,2.0NRT,302.76,4.27,D
-8.4928,-51.53199,334.77,0.41,0.37,2026-06-15,1713,N,VIIRS,n,2.0NRT,301.4,5.84,D
-8.39899,-47.71889,336.02,0.43,0.46,2026-06-15,1713,N,VIIRS,n,2.0NRT,306.12,3.28,D
-8.38986,-47.71635,336.24,0.43,0.46,2026-06-15,1713,N,VIIRS,n,2.0NRT,303.16,3.74,D
-8.38496,-47.71312,339.54,0.43,0.46,2026-06-15,1713,N,VIIRS,n,2.0NRT,304.92,4,D
-8.31003,-47.11658,335.38,0.47,0.48,2026-06-15,1713,N,VIIRS,n,2.0NRT,303.81,5.41,D
-8.30784,-47.89441,343.42,0.42,0.45,2026-06-15,1713,N,VIIRS,n,2.0NRT,304.43,4.64,D
-8.30365,-47.89506,331.75,0.42,0.45,2026-06-15,1713,N,VIIRS,l,2.0NRT,303.28,4.64,D
-8.29564,-47.5115,337.42,0.45,0.47,2026-06-15,1713,N,VIIRS,n,2.0NRT,305.61,3.99,D
-8.29495,-47.50739,332.14,0.45,0.47,2026-06-15,1713,N,VIIRS,l,2.0NRT,305.61,4.55,D
-8.28916,-48.22535,337.58,0.4,0.44,2026-06-15,1713,N,VIIRS,l,2.0NRT,308.82,5.4,D
-8.27445,-46.3887,337.29,0.53,0.5,2026-06-15,1713,N,VIIRS,n,2.0NRT,303.46,7.77,D
-8.26688,-46.39999,342.36,0.53,0.5,2026-06-15,1713,N,VIIRS,n,2.0NRT,301.14,3.61,D
-8.24283,-47.48661,338.81,0.45,0.47,2026-06-15,1713,N,VIIRS,n,2.0NRT,305.15,4.59,D
-8.15623,-47.24355,335.5,0.47,0.47,2026-06-15,1713,N,VIIRS,n,2.0NRT,304.07,3,D
-8.15602,-47.24289,342.78,0.47,0.48,2026-06-15,1713,N,VIIRS,n,2.0NRT,304.13,4.51,D
-8.15184,-47.24424,331.1,0.47,0.47,2026-06-15,1713,N,VIIRS,l,2.0NRT,303.99,1.87,D
-8.15163,-47.24359,331.63,0.47,0.48,2026-06-15,1713,N,VIIRS,n,2.0NRT,303.16,2.6,D
-8.13153,-49.99588,336.1,0.48,0.4,2026-06-15,1713,N,VIIRS,l,2.0NRT,306.98,8.47,D
-8.05799,-47.77316,349.06,0.43,0.46,2026-06-15,1713,N,VIIRS,n,2.0NRT,304.79,4.56,D
-8.05375,-47.77384,345.06,0.43,0.46,2026-06-15,1713,N,VIIRS,n,2.0NRT,302.59,5.54,D
-8.0504,-47.75422,346.17,0.43,0.46,2026-06-15,1713,N,VIIRS,n,2.0NRT,305.1,5.87,D
-8.05024,-50.65165,348.81,0.45,0.39,2026-06-15,1713,N,VIIRS,n,2.0NRT,316.95,28.11,D
-8.05019,-47.77845,351.86,0.43,0.46,2026-06-15,1713,N,VIIRS,n,2.0NRT,306.52,5.54,D
-8.04959,-50.64756,337.51,0.45,0.39,2026-06-15,1713,N,VIIRS,l,2.0NRT,308.54,11.39,D
-8.04667,-50.65222,349.47,0.45,0.39,2026-06-15,1713,N,VIIRS,n,2.0NRT,306.22,28.11,D
-8.04601,-50.64813,334.32,0.45,0.39,2026-06-15,1713,N,VIIRS,n,2.0NRT,303.34,11.39,D
-8.04596,-47.77919,334.6,0.43,0.46,2026-06-15,1713,N,VIIRS,n,2.0NRT,304.46,4.81,D
-8.04547,-47.75094,335.1,0.43,0.46,2026-06-15,1713,N,VIIRS,l,2.0NRT,309.11,5.87,D
-8.0363,-47.74833,337.12,0.43,0.46,2026-06-15,1713,N,VIIRS,l,2.0NRT,309.09,8.04,D
-8.02918,-47.75762,335.26,0.43,0.46,2026-06-15,1713,N,VIIRS,l,2.0NRT,307.29,3.87,D
-8.02849,-47.75364,333.58,0.43,0.46,2026-06-15,1713,N,VIIRS,l,2.0NRT,305.9,3.87,D
-8.01492,-55.5231,333.78,0.41,0.37,2026-06-15,1713,N,VIIRS,l,2.0NRT,306.73,5.86,D
-8.00181,-55.50582,340.17,0.41,0.37,2026-06-15,1713,N,VIIRS,n,2.0NRT,305.55,10.98,D
-8.00125,-55.50207,347.59,0.41,0.37,2026-06-15,1713,N,VIIRS,n,2.0NRT,301.65,8.9,D
-7.98104,-42.67828,349.8,0.47,0.64,2026-06-15,1713,N,VIIRS,n,2.0NRT,298.42,0.18,D
-7.9228,-48.25039,345.41,0.41,0.45,2026-06-15,1713,N,VIIRS,n,2.0NRT,309.01,6.58,D
-7.89945,-49.92234,330.14,0.49,0.4,2026-06-15,1713,N,VIIRS,n,2.0NRT,299.92,5.06,D
-7.89115,-47.13988,337.25,0.48,0.48,2026-06-15,1713,N,VIIRS,n,2.0NRT,301.66,3.17,D
-7.83497,-50.23612,335.2,0.47,0.4,2026-06-15,1713,N,VIIRS,n,2.0NRT,302.96,2.92,D
-7.77021,-47.57194,333.85,0.45,0.47,2026-06-15,1713,N,VIIRS,n,2.0NRT,301.48,2.42,D
-7.76589,-47.57267,351.72,0.45,0.47,2026-06-15,1713,N,VIIRS,n,2.0NRT,302.23,6.19,D
-7.37461,-49.85435,346.44,0.5,0.41,2026-06-15,1713,N,VIIRS,n,2.0NRT,309.7,22.36,D
-7.32268,-46.9643,333.62,0.5,0.49,2026-06-15,1713,N,VIIRS,l,2.0NRT,305.95,7.42,D
-7.1509,-46.97431,335.32,0.5,0.49,2026-06-15,1713,N,VIIRS,n,2.0NRT,302.94,6.78,D
-7.1401,-48.17431,331.35,0.42,0.45,2026-06-15,1713,N,VIIRS,l,2.0NRT,304.52,1.53,D
-7.13497,-42.6234,341.29,0.49,0.65,2026-06-15,1713,N,VIIRS,n,2.0NRT,298.35,5.3,D
-7.13425,-42.6252,335.77,0.49,0.65,2026-06-15,1713,N,VIIRS,n,2.0NRT,297.4,4.42,D
-7.13345,-42.62074,330.24,0.49,0.65,2026-06-15,1713,N,VIIRS,n,2.0NRT,298.44,4.42,D
-7.059,-47.51351,333.95,0.47,0.47,2026-06-15,1713,N,VIIRS,n,2.0NRT,302.79,7.98,D
-6.91636,-53.35451,333.08,0.39,0.36,2026-06-15,1713,N,VIIRS,n,2.0NRT,299.72,2.47,D
-6.84269,-46.38816,342.53,0.56,0.51,2026-06-15,1713,N,VIIRS,n,2.0NRT,305.31,7.12,D
-6.84182,-46.38314,335.5,0.56,0.51,2026-06-15,1713,N,VIIRS,n,2.0NRT,304.66,7.12,D
-6.83752,-47.90993,345.36,0.44,0.46,2026-06-15,1713,N,VIIRS,n,2.0NRT,305.12,10.45,D
-6.83687,-47.90602,353.9,0.44,0.46,2026-06-15,1713,N,VIIRS,n,2.0NRT,310.02,42.67,D
-6.83622,-47.90208,355.3,0.44,0.46,2026-06-15,1713,N,VIIRS,n,2.0NRT,306.65,42.67,D
-6.83257,-47.90662,354.42,0.44,0.46,2026-06-15,1713,N,VIIRS,n,2.0NRT,302.63,9.49,D
-6.83191,-47.90259,367,0.44,0.46,2026-06-15,1713,N,VIIRS,h,2.0NRT,303.21,9.49,D
-6.6928,-40.91653,349.61,0.65,0.73,2026-06-15,1713,N,VIIRS,n,2.0NRT,297.11,11.64,D
-6.68679,-40.91373,342.74,0.65,0.73,2026-06-15,1713,N,VIIRS,n,2.0NRT,298.07,14.42,D
-6.66947,-47.68352,331.48,0.46,0.47,2026-06-15,1713,N,VIIRS,n,2.0NRT,299.71,1.99,D
-6.65908,-51.95023,330.24,0.41,0.37,2026-06-15,1713,N,VIIRS,l,2.0NRT,302.79,2.67,D
-6.57772,-51.10067,344.44,0.44,0.39,2026-06-15,1713,N,VIIRS,n,2.0NRT,310.2,10.23,D
-6.57418,-51.1013,345.95,0.44,0.39,2026-06-15,1713,N,VIIRS,n,2.0NRT,309.19,10.23,D
-6.57354,-51.09724,330.96,0.44,0.39,2026-06-15,1713,N,VIIRS,l,2.0NRT,305.58,10.23,D
-6.56091,-53.41851,329.02,0.39,0.36,2026-06-15,1713,N,VIIRS,n,2.0NRT,300.82,2.74,D
-6.56037,-53.41504,334.04,0.39,0.36,2026-06-15,1713,N,VIIRS,n,2.0NRT,301.18,2.74,D
-6.46036,-47.07875,334.49,0.51,0.49,2026-06-15,1713,N,VIIRS,n,2.0NRT,300.83,5.59,D
-6.44643,-45.57869,356.79,0.32,0.55,2026-06-15,1713,N,VIIRS,n,2.0NRT,300.76,13.2,D
-6.44594,-45.57582,342.63,0.32,0.55,2026-06-15,1713,N,VIIRS,n,2.0NRT,298.21,11.02,D
-6.43584,-45.57753,333.72,0.32,0.55,2026-06-15,1713,N,VIIRS,n,2.0NRT,299.88,6.74,D
-6.4308,-45.57848,336.52,0.32,0.55,2026-06-15,1713,N,VIIRS,n,2.0NRT,299.73,3.57,D
-6.33854,-47.52994,330.12,0.48,0.48,2026-06-15,1713,N,VIIRS,n,2.0NRT,298.64,3.18,D
-6.33412,-47.53074,338.24,0.48,0.48,2026-06-15,1713,N,VIIRS,n,2.0NRT,300.61,3.18,D
-6.30864,-45.20927,367,0.34,0.56,2026-06-15,1713,N,VIIRS,h,2.0NRT,299.51,11.66,D
-6.2374,-48.51096,336.79,0.41,0.45,2026-06-15,1713,N,VIIRS,n,2.0NRT,298.63,5.69,D
-6.23676,-48.50713,342.97,0.41,0.45,2026-06-15,1713,N,VIIRS,n,2.0NRT,301.8,5.43,D
-6.23612,-48.50329,336.41,0.42,0.45,2026-06-15,1713,N,VIIRS,n,2.0NRT,299.18,5.43,D
-6.22083,-47.47171,341.48,0.48,0.48,2026-06-15,1713,N,VIIRS,n,2.0NRT,298.83,5.34,D
-6.21079,-45.14436,356.26,0.35,0.57,2026-06-15,1713,N,VIIRS,n,2.0NRT,302.3,14.21,D
-6.2103,-45.14151,367,0.35,0.57,2026-06-15,1713,N,VIIRS,h,2.0NRT,297.58,14.3,D
-6.20609,-45.14818,367,0.35,0.56,2026-06-15,1713,N,VIIRS,h,2.0NRT,303.66,11.61,D
-6.20555,-45.14513,355.55,0.35,0.57,2026-06-15,1713,N,VIIRS,n,2.0NRT,298.83,11.61,D
-6.20086,-45.14898,367,0.35,0.56,2026-06-15,1713,N,VIIRS,h,2.0NRT,299.92,11.61,D
-6.19255,-48.50744,332,0.42,0.45,2026-06-15,1713,N,VIIRS,n,2.0NRT,294.57,5.39,D
-6.18902,-48.51197,355.68,0.42,0.45,2026-06-15,1713,N,VIIRS,n,2.0NRT,301.38,15.22,D
-6.18846,-48.50853,331.01,0.42,0.45,2026-06-15,1713,N,VIIRS,n,2.0NRT,298.39,5.39,D
-6.1879,-48.50506,367,0.42,0.45,2026-06-15,1713,N,VIIRS,h,2.0NRT,301.19,5.39,D
-6.1851,-45.1511,330.93,0.35,0.56,2026-06-15,1713,N,VIIRS,n,2.0NRT,299.35,3.73,D
-6.1843,-48.50913,344.08,0.42,0.45,2026-06-15,1713,N,VIIRS,n,2.0NRT,300.89,6.52,D
-6.18374,-48.5057,338.99,0.42,0.45,2026-06-15,1713,N,VIIRS,n,2.0NRT,299.79,6.52,D
-6.1808,-45.15565,335.15,0.35,0.57,2026-06-15,1713,N,VIIRS,n,2.0NRT,299.65,5.4,D
-6.1804,-45.15495,337.02,0.35,0.56,2026-06-15,1713,N,VIIRS,n,2.0NRT,299.6,5,D
-6.18027,-45.15251,336.91,0.35,0.57,2026-06-15,1713,N,VIIRS,n,2.0NRT,299.15,8.52,D
-6.17985,-45.15182,330.97,0.35,0.56,2026-06-15,1713,N,VIIRS,n,2.0NRT,299.19,3.73,D
-6.16507,-48.49596,330.43,0.42,0.45,2026-06-15,1713,N,VIIRS,n,2.0NRT,297.52,5.15,D
-6.14387,-45.3451,338.45,0.34,0.56,2026-06-15,1713,N,VIIRS,n,2.0NRT,298.72,2.92,D
-6.14335,-45.34211,339.67,0.34,0.56,2026-06-15,1713,N,VIIRS,n,2.0NRT,296.49,2.92,D
-6.12479,-45.70836,340.1,0.32,0.55,2026-06-15,1713,N,VIIRS,n,2.0NRT,294.72,4.31,D
-5.99913,-47.81508,331.68,0.46,0.47,2026-06-15,1713,N,VIIRS,n,2.0NRT,297.68,3.28,D
-5.99831,-47.83673,348.97,0.46,0.47,2026-06-15,1713,N,VIIRS,n,2.0NRT,299.9,13.67,D
-5.8407,-43.48212,340.95,0.46,0.63,2026-06-15,1713,N,VIIRS,n,2.0NRT,298.43,5.4,D
-5.83997,-43.47797,335.81,0.46,0.63,2026-06-15,1713,N,VIIRS,n,2.0NRT,295.58,5.4,D
-5.80801,-45.08149,341.02,0.36,0.57,2026-06-15,1713,N,VIIRS,n,2.0NRT,297.18,49.54,D
-5.80692,-45.07513,304.32,0.36,0.57,2026-06-15,1713,N,VIIRS,l,2.0NRT,312.99,71.52,D
-5.80638,-45.07196,292.96,0.36,0.57,2026-06-15,1713,N,VIIRS,l,2.0NRT,310.78,71.52,D
-5.80583,-45.06874,345.15,0.36,0.57,2026-06-15,1713,N,VIIRS,n,2.0NRT,308.27,51.62,D
-5.80527,-45.0655,367,0.36,0.57,2026-06-15,1713,N,VIIRS,h,2.0NRT,294.53,51.62,D
-5.80276,-45.08258,332.88,0.36,0.57,2026-06-15,1713,N,VIIRS,n,2.0NRT,296.39,49.54,D
-5.80222,-45.07942,355.62,0.36,0.57,2026-06-15,1713,N,VIIRS,n,2.0NRT,297.41,49.54,D
-5.80167,-45.07623,367,0.36,0.57,2026-06-15,1713,N,VIIRS,h,2.0NRT,295.79,71.52,D
-5.80112,-45.07303,351.67,0.36,0.57,2026-06-15,1713,N,VIIRS,n,2.0NRT,292.5,71.52,D
-5.80057,-45.06981,332.88,0.36,0.57,2026-06-15,1713,N,VIIRS,n,2.0NRT,288.21,51.62,D
-5.79304,-45.12062,341.41,0.35,0.57,2026-06-15,1713,N,VIIRS,n,2.0NRT,302.43,8.71,D
-5.79249,-45.11744,332.52,0.35,0.57,2026-06-15,1713,N,VIIRS,n,2.0NRT,301.16,4.94,D
-5.63802,-45.91663,337.94,0.63,0.54,2026-06-15,1713,N,VIIRS,n,2.0NRT,295,10.71,D
-5.63707,-45.91098,340.35,0.63,0.54,2026-06-15,1713,N,VIIRS,n,2.0NRT,296.2,14.61,D
-5.61276,-50.09049,330.23,0.51,0.41,2026-06-15,1713,N,VIIRS,n,2.0NRT,299.27,2.63,D
-5.58747,-42.72754,367,0.52,0.67,2026-06-15,1713,N,VIIRS,h,2.0NRT,297.41,9.21,D
-5.5866,-42.72264,341.82,0.52,0.67,2026-06-15,1713,N,VIIRS,n,2.0NRT,296.52,9.21,D
-5.30683,-43.0557,355.01,0.5,0.66,2026-06-15,1713,N,VIIRS,n,2.0NRT,299.7,11.34,D
-5.30604,-43.05121,337.13,0.5,0.66,2026-06-15,1713,N,VIIRS,n,2.0NRT,297.18,10.16,D
-4.90251,-45.24325,354,0.36,0.57,2026-06-15,1713,N,VIIRS,n,2.0NRT,293.97,3.67,D
-4.90014,-45.24123,355.35,0.36,0.57,2026-06-15,1713,N,VIIRS,n,2.0NRT,291.92,5.95,D
-4.82089,-42.01358,337.24,0.59,0.7,2026-06-15,1713,N,VIIRS,n,2.0NRT,294.49,7.72,D
-4.81991,-42.00807,334.13,0.59,0.7,2026-06-15,1713,N,VIIRS,n,2.0NRT,294.12,7.72,D
-4.65139,-56.05902,330.78,0.41,0.37,2026-06-15,1713,N,VIIRS,n,2.0NRT,296.31,2.56,D
-4.25581,-44.00468,329.39,0.45,0.63,2026-06-15,1713,N,VIIRS,n,2.0NRT,294.37,2.09,D
-4.10685,-55.36489,332.26,0.39,0.36,2026-06-15,1713,N,VIIRS,n,2.0NRT,297.55,2.28,D
-3.96076,-43.11465,343.28,0.52,0.67,2026-06-15,1713,N,VIIRS,n,2.0NRT,295.4,6.31,D
-3.85708,-55.60929,339.98,0.39,0.36,2026-06-15,1713,N,VIIRS,n,2.0NRT,298.45,5.31,D
-3.81189,-64.22021,332.43,0.41,0.6,2026-06-15,1713,N,VIIRS,n,2.0NRT,288.95,1.83,D
-3.81116,-49.02422,329.17,0.42,0.45,2026-06-15,1713,N,VIIRS,l,2.0NRT,299.59,3.76,D
-3.7359,-48.87519,341.66,0.43,0.46,2026-06-15,1713,N,VIIRS,n,2.0NRT,298.52,4.16,D
-3.67892,-49.00618,341.97,0.42,0.45,2026-06-15,1713,N,VIIRS,n,2.0NRT,299.07,7.46,D
-3.67831,-49.00235,340.99,0.42,0.45,2026-06-15,1713,N,VIIRS,n,2.0NRT,297.91,7.46,D
-3.65771,-54.79348,333.5,0.38,0.36,2026-06-15,1713,N,VIIRS,n,2.0NRT,298.46,4.94,D
-3.63386,-43.18277,339.56,0.52,0.67,2026-06-15,1713,N,VIIRS,n,2.0NRT,294.89,8.91,D
-3.62684,-43.17894,333.61,0.52,0.67,2026-06-15,1713,N,VIIRS,n,2.0NRT,294.18,3.41,D
-3.6267,-51.00042,331.04,0.48,0.4,2026-06-15,1713,N,VIIRS,n,2.0NRT,297.73,2.49,D
-3.51102,-48.03608,339.98,0.49,0.49,2026-06-15,1713,N,VIIRS,n,2.0NRT,294.62,4.71,D
-3.29781,-43.1272,329.03,0.53,0.67,2026-06-15,1713,N,VIIRS,n,2.0NRT,294.28,4.54,D
-3.25005,-53.12173,332.99,0.4,0.37,2026-06-15,1713,N,VIIRS,n,2.0NRT,298.25,4.19,D
-3.20097,-58.07429,332.63,0.48,0.4,2026-06-15,1713,N,VIIRS,n,2.0NRT,294.41,2.78,D
-3.11174,-45.18731,367,0.39,0.59,2026-06-15,1713,N,VIIRS,h,2.0NRT,297.38,11.7,D
-3.0553,-43.9977,328.49,0.47,0.64,2026-06-15,1713,N,VIIRS,n,2.0NRT,293.36,3.05,D
-3.0183,-54.54471,332.45,0.38,0.36,2026-06-15,1713,N,VIIRS,n,2.0NRT,297.38,3.29,D
-3.01777,-54.54126,332.38,0.38,0.36,2026-06-15,1713,N,VIIRS,n,2.0NRT,297.89,4.13,D
-2.91197,-42.11646,348.06,0.63,0.72,2026-06-15,1713,N,VIIRS,n,2.0NRT,293.79,10.04,D
-2.90398,-42.06986,337.18,0.63,0.72,2026-06-15,1713,N,VIIRS,n,2.0NRT,293.74,3.86,D
-2.68739,-49.16991,334.45,0.43,0.46,2026-06-15,1713,N,VIIRS,n,2.0NRT,296.42,5.47,D
-2.68319,-49.17059,347.73,0.43,0.46,2026-06-15,1713,N,VIIRS,n,2.0NRT,296.02,5.47,D
-2.65822,-42.80637,335.82,0.57,0.69,2026-06-15,1713,N,VIIRS,n,2.0NRT,293.71,4.21,D
-2.65691,-42.80427,337.95,0.57,0.69,2026-06-15,1713,N,VIIRS,n,2.0NRT,293.41,4.77,D
-2.59346,-50.66648,339.11,0.52,0.41,2026-06-15,1713,N,VIIRS,n,2.0NRT,295.06,6.16,D
-2.53312,-48.23806,340.52,0.49,0.49,2026-06-15,1713,N,VIIRS,n,2.0NRT,295.71,5,D
-2.51715,-49.26636,331.99,0.42,0.45,2026-06-15,1713,N,VIIRS,n,2.0NRT,295.66,2.16,D
-2.51015,-46.12049,353.01,0.34,0.56,2026-06-15,1713,N,VIIRS,n,2.0NRT,294.71,6.76,D
-2.48849,-48.82398,340.6,0.45,0.47,2026-06-15,1713,N,VIIRS,n,2.0NRT,293.67,3.23,D
-2.47832,-49.29185,336.33,0.42,0.45,2026-06-15,1713,N,VIIRS,n,2.0NRT,295.87,3.1,D
-2.40127,-48.64575,334.97,0.46,0.47,2026-06-15,1713,N,VIIRS,n,2.0NRT,295.81,4.34,D
-2.29729,-49.64016,340.98,0.4,0.44,2026-06-15,1713,N,VIIRS,n,2.0NRT,296,3.98,D
-2.24781,-47.83399,329.34,0.53,0.5,2026-06-15,1713,N,VIIRS,n,2.0NRT,294.91,3.28,D
-2.13311,-47.36546,329.91,0.57,0.52,2026-06-15,1713,N,VIIRS,n,2.0NRT,294.61,3.17,D
-2.0734,-47.69006,331.73,0.54,0.51,2026-06-15,1713,N,VIIRS,n,2.0NRT,296.87,7.04,D
-2.04653,-48.44812,341.33,0.49,0.48,2026-06-15,1713,N,VIIRS,n,2.0NRT,295.96,8.69,D
-2.03406,-49.2664,334.8,0.43,0.46,2026-06-15,1713,N,VIIRS,n,2.0NRT,294.38,4.95,D
-1.95911,-48.16275,330.09,0.51,0.49,2026-06-15,1713,N,VIIRS,n,2.0NRT,295.74,5.04,D
-1.92482,-47.71442,332.1,0.55,0.51,2026-06-15,1713,N,VIIRS,n,2.0NRT,296.21,4.14,D
-1.65552,-47.98949,344.59,0.53,0.5,2026-06-15,1713,N,VIIRS,n,2.0NRT,293.77,7.78,D
-3.12137,-60.22894,328.04,0.42,0.46,2026-06-15,1715,N,VIIRS,n,2.0NRT,294.19,2.99,D
-2.01605,-56.5526,333.09,0.41,0.37,2026-06-15,1715,N,VIIRS,n,2.0NRT,297.34,5.54,D
-1.93045,-54.44021,333.1,0.39,0.36,2026-06-15,1715,N,VIIRS,n,2.0NRT,300.51,4.12,D
-1.88376,-55.17514,328.99,0.38,0.36,2026-06-15,1715,N,VIIRS,n,2.0NRT,298.27,0.73,D
-1.85668,-55.1757,334.35,0.38,0.36,2026-06-15,1715,N,VIIRS,n,2.0NRT,297.33,2.1,D
-1.84608,-55.23805,339.51,0.38,0.36,2026-06-15,1715,N,VIIRS,n,2.0NRT,300.83,3.58,D
-1.62086,-55.3584,338.72,0.39,0.36,2026-06-15,1715,N,VIIRS,n,2.0NRT,298.62,5.59,D
-1.53575,-50.50477,333.34,0.55,0.43,2026-06-15,1715,N,VIIRS,n,2.0NRT,295.83,5.03,D
-1.46663,-54.87783,332.4,0.38,0.36,2026-06-15,1715,N,VIIRS,n,2.0NRT,297.55,3.17,D
-1.40958,-55.45837,342.51,0.39,0.36,2026-06-15,1715,N,VIIRS,n,2.0NRT,297.79,5.89,D
-1.02756,-48.84361,329.58,0.47,0.48,2026-06-15,1715,N,VIIRS,n,2.0NRT,295.82,3.4,D
-1.02688,-48.83932,341.6,0.47,0.48,2026-06-15,1715,N,VIIRS,n,2.0NRT,296.98,8.98,D